,Tmax,Tmin,Tavg,DewPoint,WetBulb,Heat,Cool,Sunrise,Sunset,PrecipTotal,StnPressure,SeaLevel,ResultSpeed,ResultDir,AvgSpeed,RA_yes,BR_yes,TS_yes,HZ_yes,DZ_yes
0,84,52,68,51,57,0, 3,-,-,0.00,29.18,29.82,2.7,25,9.6,0,0,0,0,0
1,60,43,52,42,47,13, 0,-,-,0.00,29.44,30.08,13.3,2,13.4,0,1,0,1,0
2,67,48,58,40,50,7, 0,-,-,0.00,29.46,30.12,12.9,6,13.2,0,0,0,1,0
3,78,51,,42,50,,,-,-,0.00,29.36,30.04,10.1,7,10.4,0,0,0,0,0
4,66,54,60,39,50,5, 0,-,-,0.005,29.46,30.09,11.2,7,11.5,0,0,0,0,0
5,68,52,60,30,46,5, 0,-,-,0.00,29.62,30.28,13.8,10,14.5,0,0,0,0,0
6,84,50,67,39,53,0, 2,-,-,0.00,29.44,30.12,8.5,17,9.9,0,0,0,0,0
7,80,60,70,57,63,0, 5,-,-,0.005,29.36,30.02,2.5,8,5.4,0,0,0,1,0
8,76,63,70,60,63,0, 5,-,-,0.02,29.28,29.93,3.9,7,5.9,0,1,0,1,0
9,83,59,71,52,61,0, 6,-,-,0.00,29.26,29.91,2.0,9,3.9,0,1,0,1,0
10,73,49,61,44,51,4, 0,-,-,0.00,29.39,30.03,11.7,36,12.8,0,0,0,0,0
11,65,47,56,37,46,9, 0,-,-,0.00,29.54,30.19,12.7,1,13.0,0,0,0,0,0
12,69,44,57,32,46,8, 0,-,-,0.00,29.55,30.24,6.4,11,7.6,0,0,0,0,0
13,90,54,72,45,58,0, 7,-,-,0.00,29.31,29.98,14.1,21,14.6,0,0,0,0,0
14,82,56,69,56,61,0, 4,-,-,0.60,29.19,29.83,8.1,25,10.8,1,1,1,0,0
15,64,45,55,42,47,10, 0,-,-,0.07,29.39,30.03,8.0,36,11.8,1,1,0,0,0
16,61,44,53,32,43,12, 0,-,-,0.00,29.62,30.27,11.7,1,12.2,0,0,0,0,0
17,70,43,57,31,47,8, 0,-,-,0.00,29.60,30.26,3.4,22,5.5,0,0,0,0,0
18,80,56,68,37,53,0, 3,-,-,0.00,29.41,30.08,11.1,23,11.4,0,0,0,0,0
19,69,44,57,41,45,8, 0,-,-,0.11,29.44,30.11,8.6,3,9.7,1,0,1,0,0
20,79,46,63,50,57,2, 0,-,-,0.00,29.39,30.05,6.3,10,7.8,0,0,0,0,0
21,87,60,74,44,58,0, 9,-,-,0.00,29.41,30.05,10.1,16,10.6,0,0,0,0,0
22,89,66,78,48,61,0,13,-,-,0.00,29.47,30.10,10.9,18,11.2,0,0,0,0,0
23,88,66,77,53,63,0,12,-,-,0.005,29.47,30.10,13.8,20,15.2,1,0,0,1,0
24,66,57,62,46,53,3, 0,-,-,0.09,29.57,30.23,4.5,5,8.2,1,1,0,0,0
25,70,50,60,55,57,5, 0,-,-,0.28,29.42,30.10,2.5,15,7.8,1,1,1,0,0
26,75,59,67,49,57,0, 2,-,-,0.08,29.41,30.05,8.2,24,9.2,1,1,0,0,0
27,76,54,65,49,57,0, 0,-,-,0.00,29.49,30.14,4.7,8,5.2,0,0,0,0,0
28,88,65,77,59,66,0,12,-,-,0.00,29.44,30.09,5.8,16,7.4,0,1,0,1,0
29,89,70,80,57,66,0,15,-,-,0.00,29.38,30.03,9.7,17,10.1,0,0,0,1,0
30,80,68,74,61,66,0, 9,-,-,0.53,29.34,29.99,8.9,18,9.2,1,1,0,0,0
31,86,67,77,63,67,0,12,-,-,0.21,29.25,29.90,4.7,16,5.8,1,1,1,1,0
32,81,68,75,62,67,0,10,-,-,0.005,29.10,29.76,7.5,21,8.2,1,1,0,0,0
33,77,64,71,60,64,0, 6,-,-,0.32,28.87,29.54,4.9,24,7.2,1,1,1,1,0
34,72,56,64,57,60,1, 0,-,-,0.31,28.88,29.51,7.9,30,10.1,1,1,0,0,0
35,63,51,57,47,52,8, 0,-,-,0.27,29.16,29.78,6.2,3,8.1,1,1,0,0,0
36,73,48,61,47,55,4, 0,-,-,0.005,29.13,29.82,9.6,15,10.6,1,0,0,0,0
37,92,71,82,61,68,0,17,-,-,0.00,28.91,29.55,20.3,19,20.7,0,0,0,0,0
38,81,63,72,54,62,0, 7,-,-,0.00,29.24,29.83,9.3,26,12.4,0,0,0,0,0
39,79,57,68,49,58,0, 3,-,-,0.00,29.42,30.05,2.4,19,4.7,0,0,0,0,0
40,81,61,71,50,60,0, 6,-,-,0.00,29.39,30.04,4.6,16,5.8,0,0,0,0,0
41,85,65,75,51,61,0,10,-,-,0.00,29.47,30.09,6.6,9,8.4,0,0,0,0,0
42,82,66,74,51,61,0, 9,-,-,0.00,29.49,30.14,9.4,5,10.0,0,0,0,0,0
43,86,68,77,53,62,0,12,-,-,0.00,,,7.0,5,,0,0,0,0,0
44,89,68,79,54,63,0,14,-,-,0.00,29.36,30.00,5.9,7,6.4,0,0,0,0,0
45,89,67,78,56,65,0,13,-,-,0.00,29.34,29.97,3.8,9,4.1,0,0,0,0,0
46,92,68,80,61,68,0,15,-,-,0.005,29.33,29.96,2.1,22,6.1,0,0,0,1,0
47,91,71,81,65,70,0,16,-,-,0.16,29.28,29.93,4.0,11,6.1,0,0,0,1,0
48,89,73,81,65,70,0,16,-,-,0.02,29.19,29.83,12.2,20,12.6,1,0,1,1,0
49,81,65,73,55,63,0, 8,-,-,0.93,29.31,29.93,10.1,29,11.3,1,1,0,0,0
50,85,62,74,50,61,0, 9,-,-,0.00,29.46,30.09,5.9,28,7.7,0,0,0,0,0
51,80,66,73,51,61,0, 8,-,-,0.005,29.41,30.06,3.7,2,9.6,1,0,0,0,0
52,75,62,69,49,58,0, 4,-,-,0.005,29.39,30.05,6.5,7,8.1,1,0,0,0,0
53,68,61,65,60,62,0, 0,-,-,0.34,29.28,29.95,7.3,11,8.1,1,1,0,0,0
54,75,65,70,62,65,0, 5,-,-,0.00,29.33,29.96,5.6,10,6.0,0,1,0,1,0
55,86,67,77,67,70,0,12,-,-,0.00,29.44,30.06,4.0,12,5.9,0,1,0,1,0
56,91,73,82,69,72,0,17,-,-,0.005,29.45,30.09,7.3,21,8.1,0,1,0,1,0
57,89,71,80,69,72,0,15,-,-,0.35,29.36,30.00,7.9,24,8.5,1,1,1,0,0
58,73,61,67,56,61,0, 2,-,-,,29.43,30.07,12.2,2,13.3,0,0,0,0,0
59,71,56,64,56,60,1, 0,-,-,,29.47,30.11,7.4,2,8.2,0,0,0,0,0
60,77,58,68,49,58,0, 3,-,-,0.00,29.46,30.11,5.1,4,6.2,0,0,0,0,0
61,76,61,69,51,59,0, 4,-,-,0.00,29.56,30.21,9.5,4,9.7,0,0,0,0,0
62,77,58,68,50,59,0, 3,-,-,0.00,29.55,30.21,7.4,12,8.5,0,0,0,0,0
63,83,63,73,56,63,0, 8,-,-,0.09,29.38,30.05,6.4,21,7.4,1,0,1,0,0
64,84,67,76,65,69,0,11,-,-,0.66,29.23,29.88,3.1,25,8.8,1,0,1,1,0
65,88,70,79,60,67,0,14,-,-,0.00,29.29,29.92,4.3,33,6.9,0,1,0,0,0
66,84,68,76,57,65,0,11,-,-,0.00,29.38,30.01,3.3,7,5.5,0,0,0,0,0
67,88,68,78,62,68,0,13,-,-,0.00,29.24,29.90,7.4,23,8.1,0,0,0,0,0
68,93,75,84,67,72,0,19,-,-,0.00,29.12,29.76,12.6,23,12.7,0,0,0,0,0
69,93,72,83,67,71,0,18,-,-,0.24,29.16,29.79,4.8,23,8.8,1,0,0,0,0
70,89,70,80,67,71,0,15,-,-,0.08,29.13,29.76,8.2,23,10.2,1,0,1,1,0
71,77,63,70,51,59,0, 5,-,-,0.00,29.28,29.92,9.1,30,11.2,0,0,0,0,0
72,80,60,70,51,60,0, 5,-,-,0.00,29.28,29.92,10.0,28,11.4,0,0,1,0,0
73,74,59,67,53,59,0, 2,-,-,0.00,29.33,29.98,2.0,7,5.8,0,0,0,0,0
74,85,62,74,55,62,0, 9,-,-,0.00,29.14,29.79,8.4,25,13.9,0,0,0,0,0
75,80,64,72,52,61,0, 7,-,-,0.00,29.25,29.88,1.2,9,6.5,0,0,0,0,0
76,82,66,74,60,65,0, 9,-,-,0.07,29.31,29.94,5.6,23,6.6,1,0,1,0,0
77,83,69,76,65,69,0,11,-,-,0.11,29.24,29.89,6.3,23,7.4,1,1,0,0,0
78,85,69,77,69,71,0,12,-,-,0.92,29.18,29.83,10.3,24,10.6,1,1,1,1,0
79,82,63,73,62,66,0, 8,-,-,0.01,29.26,29.88,7.7,36,14.4,0,1,0,1,0
80,74,62,68,52,59,0, 3,-,-,0.00,29.49,30.12,11.3,4,11.5,0,0,0,0,0
81,75,58,67,52,59,0, 2,-,-,0.00,29.57,30.21,5.8,4,7.4,0,0,0,0,0
82,81,61,71,54,61,0, 6,-,-,0.00,29.54,30.20,1.9,18,3.5,0,0,0,0,0
83,82,63,73,55,63,0, 8,-,-,0.00,29.42,30.09,2.9,12,3.9,0,0,0,0,0
84,82,65,74,57,64,0, 9,-,-,0.005,29.38,30.03,1.1,21,4.9,0,0,0,0,0
85,83,70,77,60,66,0,12,-,-,0.00,29.35,29.99,6.4,23,7.0,0,0,0,0,0
86,84,64,74,65,68,0, 9,-,-,0.89,29.25,29.91,7.2,22,9.9,1,1,1,1,0
87,83,70,77,67,70,0,12,-,-,0.04,29.16,29.80,1.2,36,8.1,1,1,0,1,0
88,80,70,75,65,68,0,10,-,-,0.00,29.28,29.91,10.6,3,10.7,0,1,0,1,0
89,85,67,76,56,64,0,11,-,-,0.00,29.34,29.97,6.3,5,6.9,0,0,0,0,0
90,86,65,76,57,65,0,11,-,-,0.00,29.39,30.01,3.1,6,4.6,0,0,0,0,0
91,89,69,79,60,68,0,14,-,-,0.00,29.39,30.02,4.0,7,5.0,0,0,0,0,0
92,91,69,80,63,70,0,15,-,-,0.00,29.34,29.98,2.1,13,3.7,0,0,0,0,0
93,91,73,82,66,72,0,17,-,-,0.00,29.31,29.95,6.5,23,7.2,0,0,0,0,0
94,88,73,81,58,67,0,16,-,-,0.00,29.36,30.00,3.3,6,5.8,0,0,0,0,0
95,81,68,75,58,65,0,10,-,-,0.02,29.36,30.01,5.9,9,6.6,1,0,0,0,0
96,88,68,78,71,72,0,13,-,-,0.97,29.15,29.79,7.0,22,10.2,1,1,1,0,0
97,85,75,80,72,74,0,15,-,-,0.05,29.17,29.81,2.6,10,4.6,1,1,1,1,0
98,92,73,83,73,76,0,18,-,-,0.06,29.11,29.74,6.3,24,8.8,0,0,1,0,0
99,87,74,81,72,74,0,16,-,-,0.09,29.18,29.81,1.5,4,6.4,1,1,1,1,1
100,85,73,79,71,73,0,14,-,-,0.46,29.19,29.82,3.1,27,6.3,1,1,1,1,0
101,86,73,80,69,72,0,15,-,-,0.00,29.32,29.94,3.0,6,5.4,0,0,0,0,0
102,88,68,78,65,70,0,13,-,-,0.00,29.38,30.00,3.1,20,3.9,0,1,0,1,0
103,87,68,78,67,70,0,13,-,-,0.23,29.40,30.04,1.9,6,6.6,1,0,1,0,0
104,80,69,75,54,63,0,10,-,-,0.00,29.44,30.08,6.9,8,7.7,0,0,0,0,0
105,84,65,75,66,69,0,10,-,-,0.45,29.29,29.92,6.4,23,9.0,1,1,1,0,0
106,81,72,77,69,71,0,12,-,-,0.83,29.23,29.87,4.9,6,7.1,1,1,1,0,0
107,77,67,72,65,68,0, 7,-,-,0.00,29.33,29.95,3.5,1,5.7,0,1,0,0,0
108,80,65,73,54,62,0, 8,-,-,0.00,29.46,30.08,6.1,31,7.4,0,0,0,0,0
109,69,60,65,54,58,0, 0,-,-,0.42,29.48,30.15,6.1,13,7.0,1,0,0,0,0
110,69,62,66,63,64,0, 1,-,-,1.33,29.30,29.98,5.5,10,7.5,1,1,1,0,0
111,76,68,72,69,70,0, 7,-,-,0.48,29.21,29.85,2.4,20,5.9,1,1,1,1,0
112,85,69,77,70,72,0,12,-,-,0.01,29.26,29.89,3.5,17,6.0,0,1,0,0,0
113,90,70,80,70,73,0,15,-,-,0.88,29.29,29.93,5.1,21,8.4,1,1,1,0,0
114,89,70,80,69,71,0,15,-,-,1.96,29.21,29.86,6.7,21,9.1,1,1,1,0,0
115,81,69,75,67,69,0,10,-,-,0.20,29.16,29.81,5.5,25,7.3,1,1,1,0,0
116,76,65,71,63,66,0, 6,-,-,0.25,29.29,29.91,2.4,3,6.4,1,1,0,0,0
117,78,61,70,55,62,0, 5,-,-,0.00,29.44,30.07,3.7,11,4.6,0,0,0,0,0
118,79,63,71,59,64,0, 6,-,-,0.00,29.41,30.06,6.4,16,7.3,0,0,0,0,0
119,90,69,80,65,70,0,15,-,-,0.00,29.34,29.98,7.8,21,8.3,0,0,0,0,0
120,86,69,78,64,69,0,13,-,-,0.005,29.39,30.02,5.3,3,8.8,0,0,0,0,0
121,75,60,68,54,61,0, 3,-,-,0.00,29.51,30.15,10.8,3,10.9,0,0,0,0,0
122,76,57,67,54,60,0, 2,-,-,0.00,29.52,30.17,3.0,6,4.6,0,0,0,0,0
123,79,60,70,56,62,0, 5,-,-,0.00,29.54,30.20,4.4,11,4.4,0,0,0,0,0
124,84,62,73,56,63,0, 8,-,-,0.00,29.47,30.13,4.8,21,6.0,0,0,0,0,0
125,88,64,76,61,67,0,11,-,-,0.00,29.42,30.07,3.0,25,6.2,0,0,0,0,0
126,90,67,79,59,67,0,14,-,-,0.00,29.34,29.99,2.2,24,5.0,0,0,0,0,0
127,91,72,82,62,69,0,17,-,-,0.00,29.31,29.94,6.4,19,6.7,0,0,0,0,0
128,84,74,79,66,70,0,14,-,-,0.08,29.27,29.91,12.8,20,13.0,1,0,1,1,0
129,84,71,78,67,70,0,13,-,-,0.67,29.21,29.84,9.5,23,13.0,1,1,1,1,0
130,78,68,73,58,64,0, 8,-,-,0.00,29.34,29.98,8.4,5,9.4,0,0,0,0,0
131,79,63,71,59,64,0, 6,-,-,0.00,29.41,30.03,10.1,3,10.9,0,0,0,0,0
132,73,55,64,59,62,1, 0,-,-,0.25,29.34,30.01,7.4,3,9.7,1,0,0,0,0
133,71,51,61,44,52,4, 0,-,-,0.005,29.26,29.91,12.1,29,13.7,0,0,0,0,0
134,66,46,56,43,50,9, 0,-,-,0.00,29.46,30.11,1.9,5,6.0,0,0,0,0,0
135,79,53,66,43,54,0, 1,-,-,0.00,29.30,29.98,7.1,20,7.7,0,0,0,0,0
136,67,47,57,40,49,8, 0,-,-,0.00,29.41,30.04,11.7,32,13.0,0,0,0,0,0
137,62,42,52,35,45,13, 0,-,-,0.00,29.62,30.28,1.1,35,6.6,0,0,0,0,0
138,72,49,61,38,50,4, 0,-,-,0.00,29.52,30.20,7.7,18,8.2,0,0,0,0,0
139,80,55,68,48,57,0, 3,-,-,0.00,29.46,30.12,10.6,17,11.0,0,0,0,0,0
140,89,66,78,57,65,0,13,-,-,0.00,29.41,30.05,12.5,19,12.8,0,0,0,0,0
141,84,68,76,59,65,0,11,-,-,0.00,29.47,30.09,3.5,25,9.0,0,0,0,0,0
142,76,63,70,59,64,0, 5,-,-,0.00,29.44,30.10,5.6,8,6.1,0,0,0,0,0
143,90,68,79,59,66,0,14,-,-,0.00,29.23,29.89,9.8,22,11.5,0,0,0,1,0
144,72,58,65,45,55,0, 0,-,-,0.00,29.48,30.10,4.3,1,7.7,0,0,0,0,0
145,83,55,69,50,59,0, 4,-,-,0.00,29.49,30.15,5.9,12,6.4,0,0,0,0,0
146,91,71,81,62,69,0,16,-,-,0.00,29.34,29.98,10.0,19,10.5,0,0,0,0,0
147,83,67,75,66,69,0,10,-,-,0.01,29.29,29.93,7.3,23,9.4,1,0,1,0,0
148,68,55,62,51,56,3, 0,-,-,0.14,29.37,30.02,4.8,2,7.3,1,1,0,0,0
149,74,52,63,49,55,2, 0,-,-,0.005,29.31,29.97,4.5,25,5.8,1,1,0,0,0
150,73,53,63,46,54,2, 0,-,-,0.00,29.52,30.16,3.1,7,6.6,0,0,0,0,0
151,82,52,67,45,55,0, 2,-,-,0.00,29.57,30.23,8.4,17,8.8,0,0,0,0,0
152,84,61,73,48,59,0, 8,-,-,0.14,29.44,30.10,12.9,19,13.2,1,1,1,0,0
153,68,59,64,59,61,1, 0,-,-,0.17,29.35,30.00,7.9,21,8.9,1,1,0,0,0
154,80,59,70,59,63,0, 5,-,-,0.11,29.25,29.92,10.0,19,10.3,1,1,0,0,0
155,74,56,65,47,56,0, 0,-,-,0.005,29.34,29.97,4.8,25,7.1,0,0,0,0,0
156,83,56,70,56,62,0, 5,-,-,0.00,29.39,30.03,4.6,17,5.9,0,0,0,0,0
157,85,68,77,65,69,0,12,-,-,0.06,29.42,30.06,6.8,18,7.0,1,1,0,0,0
158,88,71,80,66,71,0,15,-,-,0.00,29.39,30.03,6.4,21,6.7,0,0,0,0,0
159,88,70,79,65,70,0,14,-,-,0.00,29.38,30.01,5.3,19,5.9,0,0,0,0,0
160,88,62,75,60,66,0,10,-,-,0.00,29.28,29.92,7.3,24,9.9,0,0,0,0,0
161,77,50,64,44,53,1, 0,-,-,0.00,29.27,29.93,12.1,28,13.3,0,0,0,0,0
162,53,47,50,37,44,15, 0,-,-,0.005,29.26,29.93,14.4,31,14.6,0,0,0,0,0
163,56,48,52,39,45,13, 0,-,-,0.00,29.34,30.00,14.6,36,15.5,0,0,0,0,0
164,57,45,51,35,43,14, 0,-,-,0.00,29.34,30.02,2.8,36,5.4,0,0,0,0,0
165,59,44,52,40,47,13, 0,-,-,0.00,29.38,30.04,3.6,21,4.7,0,0,0,0,0
166,63,55,59,47,52,6, 0,-,-,0.01,29.40,30.06,5.7,12,6.0,1,0,0,0,0
167,77,55,66,50,57,0, 1,-,-,0.04,29.26,29.94,6.6,16,6.9,1,0,0,0,0
168,68,56,62,55,58,3, 0,-,-,0.19,29.23,29.88,6.5,21,7.3,1,1,0,0,0
169,74,50,62,53,57,3, 0,-,-,0.11,29.13,29.83,8.6,14,9.1,1,0,0,1,0
170,79,60,70,57,62,0, 5,-,-,0.34,28.67,29.34,15.5,19,17.2,1,1,1,0,0
171,61,53,57,48,52,8, 0,-,-,0.005,28.82,29.45,17.7,24,18.0,1,0,0,0,1
172,74,47,61,43,52,4, 0,-,-,0.00,29.10,29.72,11.1,21,11.7,0,0,0,0,0
173,79,61,70,46,56,0, 5,-,-,0.00,29.15,29.78,16.7,20,16.8,0,0,0,0,0
174,66,47,57,47,51,8, 0,-,-,0.15,29.32,29.96,5.8,1,10.3,1,1,0,0,1
175,53,46,50,39,45,15, 0,-,-,0.03,29.26,29.93,4.0,31,7.9,1,0,0,0,0
176,53,45,49,35,43,16, 0,-,-,0.00,29.51,30.16,16.0,2,17.3,0,0,0,0,0
177,57,45,51,40,46,14, 0,-,-,0.005,29.52,30.20,14.5,6,14.7,1,0,0,0,0
178,66,53,60,49,52,5, 0,-,-,0.41,29.38,30.06,4.2,6,7.2,1,1,0,0,0
179,57,39,48,41,46,17, 0,-,-,0.08,29.62,30.25,7.9,31,9.1,1,1,0,1,0
180,56,34,45,30,39,20, 0,-,-,0.00,29.86,30.53,3.5,23,4.1,0,0,0,0,0
181,60,39,50,32,42,15, 0,-,-,0.00,29.70,30.41,9.1,22,9.3,0,0,0,0,0
182,66,42,54,37,46,11, 0,-,-,0.00,29.51,30.22,10.8,20,10.9,0,0,0,0,0
183,63,43,53,38,46,12, 0,-,-,0.00,29.36,30.03,12.2,25,15.0,0,0,0,0,0
184,73,48,61,51,57,4, 0,-,-,0.005,29.01,29.67,9.8,17,10.4,0,0,0,0,0
185,74,55,65,56,60,0, 0,-,-,0.74,28.85,29.52,11.9,19,13.0,1,1,1,0,0
186,56,44,50,42,46,15, 0,-,-,0.01,29.08,29.69,11.2,25,12.7,1,1,0,0,0
187,66,39,53,33,45,12, 0,-,-,0.00,29.38,30.02,5.1,23,5.6,0,0,0,0,0
188,74,50,62,38,50,3, 0,-,-,0.00,29.34,29.99,3.7,23,6.2,0,0,0,0,0
189,82,52,67,43,55,0, 2,-,-,0.00,29.23,29.88,6.9,22,8.8,0,0,0,0,0
190,71,50,61,53,56,4, 0,-,-,0.71,29.03,29.69,1.9,22,11.1,1,1,0,0,0
191,59,47,53,36,45,12, 0,-,-,0.00,29.14,29.81,14.3,5,15.0,0,0,0,0,0
192,58,42,50,35,44,15, 0,-,-,0.00,29.20,29.85,6.5,3,7.0,0,0,0,0,0
193,61,41,51,39,46,14, 0,-,-,0.00,29.15,29.84,6.0,8,6.6,0,0,0,0,0
194,60,47,54,44,48,11, 0,-,-,1.46,28.89,29.53,14.3,2,17.8,1,1,0,0,0
195,53,41,47,39,43,18, 0,-,-,0.00,29.32,29.96,4.9,6,7.6,0,0,0,0,0
196,73,45,59,45,52,6, 0,-,-,0.32,29.28,29.95,13.7,18,14.4,1,0,1,0,0
197,61,46,54,49,52,11, 0,-,-,0.02,29.25,29.89,2.5,21,8.9,1,1,0,0,0
198,57,43,50,37,45,15, 0,-,-,0.00,29.38,30.05,7.5,5,8.1,0,0,0,0,0
199,72,41,57,41,50,8, 0,-,-,0.00,29.16,29.86,8.3,25,8.8,0,0,0,0,0
200,73,50,62,41,52,3, 0,-,-,0.26,28.94,29.61,11.2,29,14.1,1,1,1,0,0
201,55,45,50,40,46,15, 0,-,-,0.00,28.98,29.63,1.6,35,7.9,0,0,0,0,0
202,59,42,51,34,44,14, 0,-,-,0.005,29.02,29.69,4.4,7,6.2,1,0,0,0,0
203,64,49,57,37,47,8, 0,-,-,0.005,29.00,29.66,6.9,30,7.7,0,0,0,0,0
204,65,45,55,36,46,10, 0,-,-,0.00,29.05,29.70,6.8,33,8.8,0,0,0,0,0
205,56,47,52,38,45,13, 0,-,-,0.00,29.29,29.93,10.5,5,11.2,0,0,0,0,0
206,59,48,54,40,46,11, 0,-,-,0.00,29.47,30.11,10.4,3,10.7,0,0,0,0,0
207,68,44,56,38,48,9, 0,-,-,0.00,29.51,30.17,6.9,7,7.4,0,0,0,0,0
208,78,51,65,48,57,0, 0,-,-,0.00,29.26,29.93,11.1,17,12.4,0,0,0,0,0
209,84,53,69,60,65,0, 4,-,-,0.00,29.17,29.80,7.3,24,12.0,1,0,1,1,0
210,53,45,49,36,43,16, 0,-,-,0.005,29.54,30.18,18.0,2,17.4,1,0,0,0,0
211,61,45,53,35,44,12, 0,-,-,0.00,29.66,30.33,7.8,7,8.5,0,0,0,0,0
212,68,45,57,38,48,8, 0,-,-,0.08,29.46,30.17,2.2,10,3.8,1,0,0,0,0
213,77,58,68,60,63,0, 3,-,-,0.30,29.09,29.79,9.4,20,10.7,1,1,1,0,0
214,79,60,70,56,62,0, 5,-,-,0.00,29.15,29.79,11.1,28,12.3,0,0,0,0,0
215,71,56,64,46,55,1, 0,-,-,0.00,29.29,29.94,5.6,8,5.9,0,0,0,0,0
216,85,61,73,53,61,0, 8,-,-,0.00,29.21,29.87,1.7,13,5.7,0,0,0,0,0
217,74,57,66,58,60,0, 1,-,-,0.92,29.02,29.67,5.2,3,6.7,1,1,0,1,0
218,78,59,69,61,64,0, 4,-,-,0.02,28.95,29.60,3.1,5,4.3,1,1,1,1,0
219,88,68,78,69,72,0,13,-,-,0.22,29.06,29.69,13.2,20,13.8,1,0,1,0,0
220,86,73,80,69,72,0,15,-,-,0.03,29.14,29.75,19.2,20,19.5,1,0,0,0,0
221,84,72,78,71,73,0,13,-,-,0.07,29.23,29.85,11.8,19,12.4,0,1,1,0,0
222,87,65,76,69,71,0,11,-,-,1.31,29.18,29.80,4.2,19,11.5,1,1,0,0,0
223,74,65,70,64,66,0, 5,-,-,0.21,29.17,29.80,6.5,23,8.8,1,0,0,0,1
224,80,60,70,56,63,0, 5,-,-,0.01,29.25,29.88,9.3,25,10.4,1,0,0,0,0
225,86,66,76,55,64,0,11,-,-,0.00,29.34,29.97,9.4,18,10.4,0,0,0,0,0
226,91,73,82,63,70,0,17,-,-,0.00,29.26,29.89,14.8,18,15.1,0,0,0,0,0
227,82,66,74,63,66,0, 9,-,-,0.19,29.28,29.91,9.6,23,10.8,1,0,1,0,0
228,84,61,73,52,62,0, 8,-,-,0.00,29.29,29.92,8.7,24,9.3,0,0,0,0,0
229,82,60,71,60,64,0, 6,-,-,0.29,29.23,29.83,8.4,24,9.7,1,1,1,0,0
230,74,60,67,49,57,0, 2,-,-,0.00,29.25,29.89,10.8,31,11.5,0,0,0,0,0
231,76,56,66,46,55,0, 1,-,-,0.00,29.32,29.96,10.2,30,10.8,0,0,0,0,0
232,75,58,67,49,56,0, 2,-,-,0.00,29.26,29.91,5.0,5,7.5,0,0,0,0,0
233,80,55,68,47,57,0, 3,-,-,0.00,29.27,29.92,1.5,14,5.4,0,0,0,0,0
234,83,60,72,52,59,0, 7,-,-,0.04,29.30,29.95,6.5,23,7.2,1,0,0,0,0
235,83,62,73,53,61,0, 8,-,-,0.01,29.29,29.93,5.6,29,6.9,1,0,0,0,0
236,81,61,71,53,60,0, 6,-,-,0.02,29.23,29.87,1.5,34,4.4,1,0,0,0,0
237,76,57,67,54,59,0, 2,-,-,0.00,29.38,30.03,3.8,3,6.4,0,0,0,0,0
238,82,57,70,52,60,0, 5,-,-,0.00,29.49,30.13,4.3,18,5.4,0,0,0,0,0
239,79,67,73,65,68,0, 8,-,-,0.11,29.34,29.98,7.5,21,8.5,1,1,0,0,0
240,87,71,79,67,71,0,14,-,-,0.00,29.21,29.84,6.8,25,7.8,0,1,0,0,0
241,85,69,77,67,70,0,12,-,-,0.005,29.11,29.74,8.3,21,9.1,1,0,0,0,0
242,84,66,75,55,63,0,10,-,-,0.005,29.05,29.68,13.3,26,14.5,1,0,0,0,0
243,77,61,69,58,61,0, 4,-,-,0.22,29.13,29.75,7.9,30,10.1,1,1,0,0,0
244,81,59,70,49,58,0, 5,-,-,0.00,29.34,29.96,5.5,35,9.1,0,0,0,0,0
245,84,57,71,50,60,0, 6,-,-,0.00,29.30,29.95,8.2,23,8.3,0,0,0,0,0
246,89,63,76,62,67,0,11,-,-,0.12,29.14,29.78,7.4,24,11.7,1,0,0,0,0
247,71,59,65,51,57,0, 0,-,-,0.005,29.39,30.01,13.3,3,13.5,0,0,0,0,0
248,75,58,67,50,58,0, 2,-,-,0.00,29.40,30.05,6.5,6,7.5,0,0,0,0,0
249,79,57,68,52,60,0, 3,-,-,0.00,29.36,30.01,4.7,10,5.7,0,0,0,0,0
250,88,63,76,58,65,0,11,-,-,0.00,29.28,29.92,8.3,19,8.9,0,0,0,0,0
251,87,74,81,68,71,0,16,-,-,0.11,29.21,29.86,10.8,21,11.4,0,0,0,0,0
252,86,46,,68,71,,,-,-,0.28,29.16,29.80,7.4,24,8.3,1,0,1,0,0
253,85,67,76,55,64,0,11,-,-,0.00,29.31,29.94,8.1,32,9.1,0,0,0,0,0
254,84,64,74,62,67,0, 9,-,-,0.43,29.33,29.97,8.1,23,8.6,1,0,1,0,0
255,89,64,77,65,69,0,12,-,-,0.03,29.30,29.95,3.7,19,7.5,1,0,1,0,0
256,83,66,75,64,67,0,10,-,-,0.65,29.25,29.87,8.4,26,11.0,1,1,1,0,0
257,79,61,70,53,61,0, 5,-,-,0.00,29.18,29.83,13.6,27,13.8,0,0,0,0,0
258,84,62,73,54,62,0, 8,-,-,0.00,29.28,29.90,1.9,29,7.1,0,0,0,0,0
259,91,67,79,63,69,0,14,-,-,0.00,29.36,29.98,7.8,22,8.3,0,0,0,0,0
260,91,73,82,67,71,0,17,-,-,0.00,29.44,30.07,5.2,21,7.4,0,0,0,0,0
261,90,74,82,66,71,0,17,-,-,0.00,29.39,30.03,8.9,22,9.3,0,0,0,0,0
262,91,73,82,67,71,0,17,-,-,0.005,29.30,29.94,6.8,23,8.2,1,0,0,0,0
263,80,70,75,70,71,0,10,-,-,1.22,29.24,29.89,1.1,23,5.9,1,1,0,0,0
264,86,68,77,68,71,0,12,-,-,0.43,29.25,29.89,6.1,27,7.0,1,0,1,0,0
265,84,70,77,66,69,0,12,-,-,0.13,29.26,29.90,2.4,2,8.0,1,0,1,0,0
266,75,66,71,61,64,0, 6,-,-,0.06,29.36,29.98,8.6,3,9.3,1,0,0,0,0
267,81,60,71,52,61,0, 6,-,-,0.00,29.44,30.08,8.3,36,9.3,0,0,0,0,0
268,82,60,71,52,61,0, 6,-,-,0.00,29.39,30.04,4.3,24,4.7,0,0,0,0,0
269,84,65,75,63,67,0,10,-,-,0.00,29.33,29.98,6.8,22,7.6,0,0,0,0,0
270,85,67,76,58,66,0,11,-,-,0.00,29.28,29.92,6.9,30,7.7,0,1,0,0,0
271,83,63,73,58,65,0, 8,-,-,0.00,29.22,29.87,5.9,24,6.8,0,0,0,0,0
272,84,70,77,63,68,0,12,-,-,0.00,29.21,29.85,4.4,10,6.4,0,0,0,0,0
273,89,70,80,67,71,0,15,-,-,0.23,29.21,29.83,5.9,20,7.9,1,1,1,0,0
274,90,72,81,67,71,0,16,-,-,0.00,29.10,29.73,8.8,27,9.7,0,0,0,0,0
275,89,71,80,69,72,0,15,-,-,0.50,29.11,29.74,5.6,27,6.9,1,0,0,0,0
276,89,72,81,69,73,0,16,-,-,0.00,29.14,29.77,1.9,6,3.6,0,0,0,0,0
277,80,68,74,60,65,0, 9,-,-,0.00,29.28,29.90,8.6,3,9.2,0,0,0,0,0
278,85,63,74,61,67,0, 9,-,-,0.00,29.30,29.94,5.2,19,6.5,0,0,0,0,0
279,88,69,79,69,71,0,14,-,-,0.59,29.24,29.89,2.9,19,9.1,1,1,1,1,0
280,88,71,80,69,72,0,15,-,-,0.08,29.30,29.91,2.9,31,6.3,0,1,0,1,0
281,84,67,76,60,66,0,11,-,-,0.01,29.35,29.98,5.4,29,6.9,0,0,0,0,0
282,81,63,72,57,63,0, 7,-,-,0.01,29.31,29.96,7.1,35,9.1,0,0,0,0,0
283,78,64,71,54,61,0, 6,-,-,0.00,29.34,29.99,3.5,1,6.7,0,0,0,0,0
284,78,61,70,58,63,0, 5,-,-,0.005,29.25,29.91,3.8,28,9.6,1,0,0,0,0
285,74,61,68,53,59,0, 3,-,-,0.00,29.36,30.00,10.2,2,9.9,0,0,0,0,0
286,76,60,68,57,62,0, 3,-,-,0.00,29.36,30.01,3.5,5,6.1,0,0,0,0,0
287,77,62,70,57,62,0, 5,-,-,0.00,29.23,29.89,3.3,10,4.0,0,0,0,0,0
288,77,66,72,59,63,0, 7,-,-,0.005,29.17,29.82,3.1,8,5.2,0,0,0,0,0
289,78,65,72,60,64,0, 7,-,-,0.005,29.28,29.91,7.7,3,8.4,0,1,0,0,0
290,78,61,70,55,61,0, 5,-,-,0.00,29.49,30.11,7.5,4,9.1,0,0,0,0,0
291,82,59,71,53,61,0, 6,-,-,0.00,29.46,30.11,5.5,29,6.4,0,0,0,0,0
292,85,63,74,59,65,0, 9,-,-,0.00,29.34,30.00,8.5,25,8.8,0,0,0,0,0
293,85,65,75,58,65,0,10,-,-,0.00,29.33,29.97,6.6,26,7.0,0,0,0,0,0
294,84,65,75,64,68,0,10,-,-,0.00,29.42,30.05,4.9,5,6.0,0,0,0,0,0
295,81,67,74,59,65,0, 9,-,-,0.00,29.46,30.10,7.3,10,7.7,0,0,0,0,0
296,82,69,76,60,66,0,11,-,-,0.005,29.36,30.02,6.5,14,7.7,1,0,0,0,0
297,84,75,80,69,72,0,15,-,-,0.005,29.39,30.02,11.1,19,11.5,1,0,0,1,0
298,90,69,80,68,71,0,15,-,-,0.00,29.36,30.00,8.3,24,9.6,0,1,1,0,0
299,78,65,72,57,63,0, 7,-,-,0.00,29.38,30.03,8.7,3,10.0,0,0,0,0,0
300,74,66,70,56,61,0, 5,-,-,0.00,29.41,30.06,12.7,5,13.1,0,0,0,0,0
301,75,61,68,55,61,0, 3,-,-,0.00,29.34,30.01,7.9,7,9.5,0,0,0,0,0
302,82,60,71,57,63,0, 6,-,-,0.00,29.25,29.91,4.2,9,4.7,0,0,0,0,0
303,81,67,74,65,68,0, 9,-,-,0.02,29.15,29.80,5.7,19,6.5,1,0,0,0,0
304,84,67,76,61,66,0,11,-,-,0.005,29.29,29.91,3.6,2,6.1,0,1,0,1,0
305,87,61,74,55,64,0, 9,-,-,0.00,29.44,30.07,2.0,23,3.2,0,0,0,0,0
306,89,65,77,57,65,0,12,-,-,0.00,29.47,30.11,4.8,12,5.2,0,0,0,0,0
307,89,67,78,54,64,0,13,-,-,0.00,29.42,30.07,7.7,12,7.9,0,0,0,0,0
308,95,68,82,61,68,0,17,-,-,0.005,29.36,30.00,2.8,17,4.5,1,0,1,0,0
309,77,68,73,62,65,0, 8,-,-,0.00,29.34,29.99,11.2,1,12.1,0,0,0,0,0
310,68,63,66,63,64,0, 1,-,-,2.68,29.13,29.80,11.2,3,12.2,1,1,0,0,0
311,68,58,63,58,60,2, 0,-,-,0.01,29.28,29.92,4.3,32,4.7,1,1,0,0,0
312,74,56,65,54,59,0, 0,-,-,0.005,29.34,29.98,5.1,28,5.5,1,0,0,0,0
313,74,58,66,52,58,0, 1,-,-,0.01,29.41,30.05,7.0,26,7.4,0,0,0,0,0
314,70,53,62,54,56,3, 0,-,-,1.01,29.45,30.10,4.9,33,6.9,1,1,0,0,0
315,68,49,59,46,52,6, 0,-,-,0.01,29.51,30.17,3.1,36,5.9,0,0,0,0,0
316,72,50,61,47,54,4, 0,-,-,0.00,29.54,30.20,4.0,14,4.9,0,0,0,0,0
317,79,57,68,57,62,0, 3,-,-,0.00,29.40,30.07,8.6,18,9.4,0,1,0,0,0
318,73,69,71,68,69,0, 6,-,-,0.62,29.28,29.95,6.6,23,7.1,1,1,0,0,1
319,77,69,73,71,72,0, 8,-,-,3.07,29.04,29.70,7.2,22,9.7,1,1,0,0,0
320,72,58,65,62,63,0, 0,-,-,1.75,29.01,29.66,7.2,32,9.9,1,1,0,0,0
321,65,55,60,53,56,5, 0,-,-,0.01,29.47,30.09,5.9,33,6.3,0,0,0,0,0
322,71,50,61,50,55,4, 0,-,-,0.00,29.52,30.18,5.3,24,6.2,0,0,0,0,0
323,83,58,71,56,61,0, 6,-,-,0.00,29.52,30.17,2.2,28,8.1,0,0,0,0,0
324,74,62,68,56,60,0, 3,-,-,0.00,29.62,30.27,7.2,9,7.9,0,0,0,0,0
325,79,58,69,53,60,0, 4,-,-,0.00,29.52,30.19,6.1,18,6.8,0,0,0,0,0
326,82,59,71,56,62,0, 6,-,-,0.00,29.51,30.16,2.3,12,3.1,0,0,0,1,0
327,80,60,70,61,65,0, 5,-,-,0.00,29.60,30.24,3.0,9,3.6,0,1,0,1,0
328,82,63,73,59,64,0, 8,-,-,0.00,29.65,30.30,6.7,12,7.3,0,1,0,1,0
329,83,63,73,56,63,0, 8,-,-,0.00,29.62,30.28,6.6,15,7.6,0,0,0,0,0
330,82,62,72,57,63,0, 7,-,-,0.00,29.60,30.25,2.7,21,4.9,0,0,0,0,0
331,78,66,72,61,65,0, 7,-,-,0.00,29.59,30.25,5.4,4,6.0,0,1,0,1,0
332,78,60,69,54,61,0, 4,-,-,0.00,29.47,30.14,3.5,6,4.6,0,1,0,0,0
333,80,55,68,54,60,0, 3,-,-,0.00,29.39,30.04,1.6,7,3.1,0,1,0,1,0
334,69,60,65,57,60,0, 0,-,-,0.00,29.46,30.11,7.3,4,7.4,0,0,0,0,0
335,65,56,61,57,59,4, 0,-,-,0.11,29.31,29.99,1.6,33,4.4,1,1,0,1,0
336,61,48,55,45,50,10, 0,-,-,0.01,29.27,29.94,9.3,31,9.5,0,0,0,0,0
337,62,46,,41,47,,,-,-,0.00,29.30,29.96,10.9,33,11.0,0,0,0,0,0
338,62,43,53,40,47,12, 0,-,-,0.00,29.24,29.92,9.5,28,10.1,0,0,0,0,0
339,59,49,54,43,49,11, 0,-,-,0.01,29.40,30.04,6.0,6,8.3,1,0,0,0,0
340,60,42,51,39,46,14, 0,-,-,0.00,29.57,30.23,3.1,11,4.3,0,0,0,0,0
341,61,46,54,41,49,11, 0,-,-,0.03,29.57,30.24,6.5,11,7.2,1,0,0,0,0
342,70,56,63,46,54,2, 0,-,-,0.00,29.55,30.23,8.9,12,9.1,0,0,0,0,0
343,65,56,61,52,56,4, 0,-,-,0.86,29.31,30.01,9.5,14,10.9,1,1,0,0,1
344,63,52,58,52,55,7, 0,-,-,0.29,29.20,29.86,7.4,26,8.3,1,1,0,0,0
345,69,48,59,39,49,6, 0,-,-,0.00,29.41,30.05,3.9,29,4.8,0,0,0,0,0
346,73,46,60,41,51,5, 0,-,-,0.00,29.52,30.17,5.3,11,6.1,0,0,0,0,0
347,80,55,68,50,57,0, 3,-,-,0.00,29.58,30.24,3.9,14,5.0,0,0,0,0,0
348,86,62,74,54,62,0, 9,-,-,0.00,29.61,30.26,5.8,16,6.3,0,0,0,0,0
349,79,64,72,57,63,0, 7,-,-,0.00,29.54,30.20,8.3,20,8.7,0,0,0,0,0
350,70,55,63,43,52,2, 0,-,-,0.005,29.54,30.21,1.5,34,7.2,0,0,0,0,0
351,64,50,57,51,54,8, 0,-,-,0.24,29.39,30.05,3.6,32,6.8,1,1,0,0,0
352,59,44,52,39,45,13, 0,-,-,0.00,29.57,30.24,6.7,35,8.0,0,0,0,0,0
353,56,44,50,40,46,15, 0,-,-,0.005,29.59,30.25,5.8,36,7.2,0,0,0,0,0
354,60,46,53,41,47,12, 0,-,-,0.14,29.65,30.32,2.4,7,5.3,1,1,0,0,0
355,62,44,53,37,46,12, 0,-,-,0.00,29.57,30.25,10.6,19,10.9,0,0,0,0,0
356,56,44,50,43,47,15, 0,-,-,0.31,29.54,30.21,3.2,31,7.4,1,1,0,0,0
357,55,39,47,37,43,18, 0,-,-,0.00,29.70,30.37,6.7,3,9.2,0,0,0,0,0
358,54,40,47,29,40,18, 0,-,-,0.00,29.71,30.40,12.0,12,12.6,0,0,0,0,0
359,60,40,50,34,43,15, 0,-,-,0.09,29.56,30.27,10.6,12,10.8,1,0,0,0,0
360,56,45,51,44,47,14, 0,-,-,0.63,29.25,29.97,5.6,20,6.9,1,1,0,0,0
361,53,43,48,41,45,17, 0,-,-,0.005,29.09,29.79,12.8,23,13.2,0,0,0,0,0
362,56,36,46,34,41,19, 0,-,-,0.01,29.17,29.81,17.5,27,18.4,1,0,0,0,0
363,47,34,41,28,35,24, 0,-,-,0.005,29.57,30.21,13.4,31,13.9,1,0,0,0,0
364,45,32,39,23,33,26, 0,-,-,0.00,29.60,30.31,9.9,30,10.3,0,0,0,0,0
365,51,33,42,25,35,23, 0,-,-,0.00,29.54,30.22,1.7,29,6.1,0,0,0,0,0
366,63,34,49,31,41,16, 0,-,-,0.00,29.65,30.33,9.3,19,9.4,0,0,0,0,0
367,71,49,60,46,51,5, 0,-,-,0.00,29.64,30.30,6.0,22,7.9,0,0,0,1,0
368,62,48,55,42,48,10, 0,-,-,0.04,29.33,29.98,8.1,29,8.6,1,0,0,0,0
369,65,45,55,34,46,10, 0,-,-,0.00,29.28,29.95,9.2,27,9.5,0,0,0,0,0
370,70,45,58,35,48,7, 0,-,-,0.00,29.26,29.92,4.7,26,4.8,0,0,0,0,0
371,70,49,60,36,48,5, 0,-,-,0.00,29.37,30.02,7.1,9,8.4,0,0,0,0,0
372,70,54,62,41,51,3, 0,-,-,0.00,29.28,29.95,5.1,12,5.9,0,0,0,0,0
373,75,56,66,51,56,0, 1,-,-,0.86,29.13,29.80,6.2,19,7.2,1,1,0,0,0
374,77,56,67,53,58,0, 2,-,-,0.03,29.08,29.74,8.2,24,9.2,1,1,0,1,0
375,74,57,66,55,59,0, 1,-,-,0.01,29.00,29.67,4.4,20,6.1,0,1,0,1,0
376,64,45,55,44,49,10, 0,-,-,0.00,29.26,29.87,4.7,28,11.3,0,0,0,0,0
377,67,43,55,40,47,10, 0,-,-,0.02,29.47,30.11,5.1,30,9.0,1,0,0,0,0
378,61,40,51,34,44,14, 0,-,-,0.00,29.53,30.20,2.1,7,4.5,0,0,0,0,0
379,72,44,58,32,47,7, 0,-,-,0.00,29.44,30.13,8.9,16,9.5,0,0,0,0,0
380,71,54,63,58,60,2, 0,-,-,1.03,29.08,29.77,12.9,18,14.8,1,1,1,0,1
381,69,55,62,44,53,3, 0,-,-,0.005,29.38,30.00,11.1,27,11.3,0,0,0,0,0
382,63,55,59,52,55,6, 0,-,-,0.70,29.34,29.99,4.4,15,5.8,1,1,1,0,0
383,62,47,55,41,50,10, 0,-,-,0.04,29.41,30.05,11.0,30,12.4,0,1,0,0,1
384,59,41,50,28,42,15, 0,-,-,0.00,29.67,30.32,3.3,9,6.5,0,0,0,0,0
385,67,45,56,30,45,9, 0,-,-,0.005,29.62,30.30,9.3,19,9.5,0,0,0,0,0
386,80,54,67,43,54,0, 2,-,-,0.00,29.55,30.22,12.3,21,12.4,0,0,0,0,0
387,85,61,73,43,57,0, 8,-,-,0.005,29.47,30.13,11.9,20,12.1,0,0,0,0,0
388,85,60,73,48,59,0, 8,-,-,0.00,29.44,30.09,8.1,25,10.9,0,0,0,0,0
389,70,56,63,47,54,2, 0,-,-,0.00,29.50,30.16,10.0,3,10.6,0,0,0,0,0
390,79,55,67,51,58,0, 2,-,-,0.005,29.39,30.05,4.5,8,5.5,0,0,0,0,0
391,70,56,63,47,54,2, 0,-,-,0.00,29.39,30.05,10.7,3,10.8,0,0,0,0,0
392,64,56,60,46,53,5, 0,-,-,0.08,29.33,30.00,8.7,6,9.5,1,0,0,0,1
393,76,56,66,54,58,0, 1,-,-,1.38,29.13,29.81,5.7,6,6.8,1,1,1,0,0
394,75,58,67,60,63,0, 2,-,-,0.005,29.02,29.67,6.8,24,8.3,0,1,0,1,1
395,64,55,60,51,54,5, 0,-,-,0.00,29.11,29.75,6.8,29,8.3,0,0,0,0,0
396,77,55,66,49,55,0, 1,-,-,0.00,29.23,29.87,2.0,31,6.8,0,0,0,0,0
397,79,53,66,46,55,0, 1,-,-,0.005,29.15,29.80,1.8,29,6.6,0,0,0,0,0
398,72,49,61,43,52,4, 0,-,-,0.00,29.26,29.93,2.9,9,6.3,0,0,0,0,0
399,80,52,66,54,58,0, 1,-,-,0.83,29.25,29.88,1.0,34,10.0,1,0,1,0,0
400,61,50,56,47,51,9, 0,-,-,0.06,29.42,30.07,8.3,3,9.2,1,1,0,0,0
401,61,47,54,40,48,11, 0,-,-,0.00,29.47,30.13,11.0,2,11.4,0,0,0,0,0
402,68,47,58,38,49,7, 0,-,-,0.00,29.36,30.05,5.2,5,6.4,0,0,0,0,0
403,80,47,64,43,54,1, 0,-,-,0.00,29.23,29.91,6.3,25,7.2,0,0,0,0,0
404,66,55,61,48,53,4, 0,-,-,0.005,29.26,29.92,4.7,3,7.2,1,0,0,0,0
405,74,56,65,54,59,0, 0,-,-,0.005,29.21,29.86,1.5,11,7.7,1,1,0,0,0
406,82,55,69,61,65,0, 4,-,-,0.30,29.11,29.76,6.4,25,10.0,1,1,1,1,0
407,67,56,62,53,56,3, 0,-,-,0.005,29.29,29.94,6.4,8,7.9,0,1,0,1,1
408,67,55,61,50,55,4, 0,-,-,0.04,29.21,29.88,8.5,4,9.2,1,0,0,0,0
409,60,53,57,53,54,8, 0,-,-,1.14,29.17,29.82,8.8,1,9.0,1,1,0,1,0
410,72,50,61,49,55,4, 0,-,-,0.005,29.30,29.95,5.0,6,6.7,0,0,0,0,0
411,66,56,61,52,55,4, 0,-,-,0.31,29.34,29.99,7.2,4,7.6,1,0,0,0,0
412,76,54,65,50,57,0, 0,-,-,0.00,29.34,30.00,5.1,5,5.8,0,0,0,0,0
413,81,57,69,49,58,0, 4,-,-,0.00,29.34,29.99,7.4,9,7.7,0,0,0,1,0
414,71,64,68,57,61,0, 3,-,-,1.07,29.21,29.87,10.3,11,10.7,1,1,0,0,0
415,73,63,68,60,63,0, 3,-,-,0.00,29.21,29.87,2.6,34,6.7,0,1,0,1,0
416,81,63,72,64,67,0, 7,-,-,0.11,29.15,29.79,3.7,17,5.8,1,1,1,1,0
417,88,66,77,68,70,0,12,-,-,0.87,29.03,29.68,6.3,18,10.5,1,1,1,0,0
418,88,69,79,65,70,0,14,-,-,0.00,29.13,29.74,8.3,28,8.6,0,0,0,0,0
419,86,71,79,64,69,0,14,-,-,0.005,29.17,29.80,3.3,9,3.5,1,0,0,0,0
420,89,70,80,67,71,0,15,-,-,0.06,29.15,29.77,5.3,12,7.2,1,0,1,0,0
421,92,75,84,68,73,0,19,-,-,0.00,29.22,29.85,2.8,13,4.5,0,0,0,0,0
422,93,73,83,68,73,0,18,-,-,0.78,29.21,29.85,2.1,23,4.3,0,1,0,0,0
423,93,76,85,68,73,0,20,-,-,0.00,29.15,29.77,1.8,26,4.6,0,0,0,0,0
424,86,72,79,61,67,0,14,-,-,0.00,29.20,29.83,6.4,4,8.0,0,0,0,0,0
425,90,67,79,60,67,0,14,-,-,0.05,29.18,29.80,6.0,22,6.9,1,0,0,0,0
426,83,68,76,53,62,0,11,-,-,0.00,29.08,29.71,14.1,29,14.6,0,0,0,0,0
427,78,65,72,54,61,0, 7,-,-,0.00,28.95,29.59,13.4,30,14.1,0,0,0,0,0
428,68,61,65,53,58,0, 0,-,-,0.00,29.00,29.64,8.1,30,8.3,0,0,0,0,0
429,65,57,61,54,57,4, 0,-,-,0.02,29.13,29.76,6.6,31,7.4,1,1,0,0,1
430,73,60,67,55,60,0, 2,-,-,0.00,29.31,29.94,5.7,31,7.6,0,0,0,0,0
431,79,62,71,56,62,0, 6,-,-,0.00,29.41,30.05,1.8,2,6.5,0,0,0,0,0
432,69,63,66,58,62,0, 1,-,-,0.12,29.31,29.98,3.4,14,4.7,1,1,0,0,0
433,82,61,72,59,64,0, 7,-,-,0.03,29.25,29.90,0.3,36,2.6,0,1,0,1,0
434,85,63,74,54,63,0, 9,-,-,0.00,29.20,29.84,4.2,30,5.5,0,0,0,0,0
435,76,65,71,55,61,0, 6,-,-,0.00,29.24,29.88,5.9,7,7.5,0,0,0,0,0
436,68,62,65,55,59,0, 0,-,-,0.17,29.34,29.98,7.0,8,7.4,1,0,0,0,0
437,80,63,72,58,64,0, 7,-,-,0.00,29.41,30.05,6.5,10,7.3,0,0,0,0,0
438,84,67,76,65,68,0,11,-,-,0.12,29.41,30.04,3.6,21,4.6,1,1,0,1,0
439,85,68,77,60,67,0,12,-,-,1.12,29.39,30.02,5.9,29,7.6,1,1,1,0,0
440,82,60,71,50,60,0, 6,-,-,0.00,29.41,30.05,1.9,33,5.2,0,0,0,0,0
441,78,66,72,48,59,0, 7,-,-,0.00,29.41,30.05,5.8,7,7.4,0,0,0,0,0
442,81,60,71,49,60,0, 6,-,-,0.00,29.41,30.06,7.5,16,7.7,0,0,0,0,0
443,86,67,77,62,67,0,12,-,-,0.32,29.23,29.88,10.0,25,13.8,1,1,1,0,0
444,82,65,74,57,63,0, 9,-,-,0.17,29.23,29.88,9.6,28,10.3,0,0,0,0,0
445,70,58,64,52,57,1, 0,-,-,0.005,29.21,29.86,10.1,29,10.4,1,0,0,0,0
446,73,58,66,52,58,0, 1,-,-,0.00,29.36,30.00,6.6,32,7.1,0,0,0,0,0
447,73,60,67,53,59,0, 2,-,-,0.00,29.45,30.10,1.4,4,4.6,0,0,0,0,0
448,76,59,68,56,61,0, 3,-,-,0.00,29.42,30.08,6.2,10,6.5,0,0,0,0,0
449,82,64,73,56,63,0, 8,-,-,0.00,29.33,29.99,4.9,14,6.3,0,0,0,0,0
450,79,66,73,59,64,0, 8,-,-,0.00,29.28,29.93,2.8,11,5.9,0,1,0,1,0
451,79,63,71,60,64,0, 6,-,-,0.10,29.26,29.91,1.7,1,6.0,0,1,0,1,0
452,83,62,73,60,65,0, 8,-,-,0.19,29.14,29.82,8.7,23,9.6,1,0,1,0,0
453,81,66,74,59,65,0, 9,-,-,0.005,29.08,29.71,10.8,27,11.5,0,0,0,0,0
454,82,64,73,59,65,0, 8,-,-,0.00,29.18,29.80,9.1,29,9.4,0,0,0,0,0
455,84,66,75,61,67,0,10,-,-,0.03,29.21,29.85,9.2,23,9.6,1,0,0,0,0
456,86,68,77,62,67,0,12,-,-,0.01,29.13,29.77,6.5,28,7.7,0,0,0,0,0
457,79,66,73,52,61,0, 8,-,-,0.00,29.19,29.82,3.8,3,7.1,0,0,0,0,0
458,80,65,73,57,63,0, 8,-,-,0.005,29.20,29.84,4.9,24,6.3,0,0,0,0,0
459,82,62,72,55,62,0, 7,-,-,0.00,29.29,29.92,5.9,27,6.7,0,0,0,0,0
460,75,63,69,59,63,0, 4,-,-,0.01,29.24,29.90,10.6,23,10.5,0,0,0,0,0
461,79,58,69,52,59,0, 4,-,-,0.00,29.26,29.92,6.2,26,8.4,0,0,0,0,0
462,86,68,77,61,66,0,12,-,-,0.06,29.17,29.81,11.0,21,11.3,1,0,0,0,0
463,86,69,78,63,68,0,13,-,-,0.00,29.21,29.85,1.8,5,6.2,0,1,0,1,0
464,79,66,73,56,63,0, 8,-,-,0.00,29.40,30.03,3.8,6,5.6,0,0,0,0,0
465,81,62,72,51,60,0, 7,-,-,0.00,29.44,30.08,3.4,9,5.5,0,0,0,0,0
466,74,67,71,59,63,0, 6,-,-,0.23,29.41,30.08,6.4,15,7.2,1,1,0,0,0
467,89,69,79,70,73,0,14,-,-,0.08,29.26,29.92,12.2,21,12.8,1,1,1,0,0
468,92,77,85,72,75,0,20,-,-,0.02,29.29,29.92,11.1,23,12.3,0,0,0,0,0
469,86,71,79,66,70,0,14,-,-,0.00,29.31,29.94,8.3,26,8.9,0,0,0,0,0
470,81,65,73,62,66,0, 8,-,-,0.00,29.36,29.98,6.1,2,8.7,0,0,0,0,0
471,82,63,73,56,63,0, 8,-,-,0.00,29.44,30.07,5.5,5,7.0,0,0,0,0,0
472,86,63,75,55,63,0,10,-,-,0.00,29.44,30.09,2.0,16,4.0,0,0,0,0,0
473,88,67,78,59,66,0,13,-,-,0.00,29.44,30.08,6.3,21,6.5,0,0,0,0,0
474,89,70,80,61,68,0,15,-,-,0.00,29.38,30.02,8.3,19,8.7,0,0,0,0,0
475,90,71,81,68,71,0,16,-,-,0.27,29.34,29.97,9.3,21,10.1,1,0,1,0,0
476,83,71,77,68,71,0,12,-,-,0.59,29.34,29.98,5.1,22,7.5,1,1,0,0,0
477,84,66,75,61,66,0,10,-,-,0.00,29.33,29.97,8.0,27,8.3,0,0,0,0,0
478,81,64,73,62,66,0, 8,-,-,0.61,29.15,29.82,5.9,16,8.2,1,1,1,0,0
479,79,64,72,61,65,0, 7,-,-,0.12,29.00,29.65,12.2,23,12.7,1,1,0,0,0
480,74,59,67,58,61,0, 2,-,-,0.05,29.13,29.75,10.1,27,13.2,1,0,0,0,0
481,69,58,64,52,57,1, 0,-,-,0.00,29.36,29.99,9.4,36,10.4,0,0,0,0,0
482,73,58,66,55,59,0, 1,-,-,0.00,29.44,30.08,3.5,5,7.6,0,0,0,0,0
483,79,57,68,57,62,0, 3,-,-,0.00,29.47,30.12,5.0,21,5.7,0,0,0,0,0
484,82,61,72,61,65,0, 7,-,-,0.00,29.39,30.04,8.3,21,8.6,0,0,0,0,0
485,72,64,68,64,65,0, 3,-,-,0.54,29.42,30.07,3.9,2,7.3,1,1,0,0,0
486,67,62,65,61,63,0, 0,-,-,1.19,29.41,30.07,10.7,8,11.0,1,1,0,0,0
487,71,61,66,61,63,0, 1,-,-,0.28,29.24,29.92,2.6,2,5.4,1,1,0,0,0
488,69,56,63,52,57,2, 0,-,-,0.01,29.24,29.88,10.4,31,11.1,0,0,0,0,1
489,66,51,59,47,53,6, 0,-,-,0.005,29.50,30.13,9.4,1,10.5,0,0,0,0,0
490,67,49,58,44,52,7, 0,-,-,0.00,29.60,30.26,5.3,4,6.8,0,0,0,0,0
491,71,50,61,49,55,4, 0,-,-,0.00,29.63,30.30,3.2,6,3.5,0,0,0,0,0
492,72,53,63,51,56,2, 0,-,-,0.00,29.56,30.23,3.2,8,3.9,0,0,0,0,0
493,75,57,66,55,60,0, 1,-,-,0.00,29.48,30.14,5.2,6,5.9,0,1,0,0,0
494,75,58,67,55,60,0, 2,-,-,0.00,29.49,30.14,3.8,4,4.4,0,1,0,1,0
495,78,57,68,57,62,0, 3,-,-,0.00,29.54,30.19,5.2,6,5.8,0,1,0,1,0
496,77,66,72,59,64,0, 7,-,-,0.005,29.52,30.17,6.3,8,6.6,0,0,0,0,0
497,77,63,70,59,63,0, 5,-,-,0.00,29.44,30.09,6.3,4,6.9,0,1,0,1,0
498,78,62,70,62,65,0, 5,-,-,0.00,29.41,30.05,6.9,4,8.0,0,1,0,1,0
499,77,68,73,63,66,0, 8,-,-,0.00,29.47,30.12,6.8,7,7.2,0,1,0,1,0
500,80,65,73,62,66,0, 8,-,-,0.00,29.54,30.17,6.6,7,7.3,0,1,0,1,0
501,78,64,71,59,64,0, 6,-,-,0.00,29.49,30.15,6.4,8,6.7,0,0,0,0,0
502,78,61,70,61,64,0, 5,-,-,0.00,29.47,30.12,3.2,6,4.5,0,1,0,0,0
503,79,57,68,55,61,0, 3,-,-,0.01,29.45,30.11,2.5,7,4.2,0,1,0,0,0
504,84,59,72,56,62,0, 7,-,-,0.00,29.40,30.05,1.1,13,2.7,0,0,0,0,0
505,83,63,73,58,64,0, 8,-,-,0.00,29.41,30.05,5.8,2,6.7,0,0,0,0,0
506,72,62,67,54,60,0, 2,-,-,0.00,29.54,30.18,12.5,6,13.4,0,0,0,0,0
507,71,54,63,51,57,2, 0,-,-,0.00,29.51,30.17,4.5,8,5.4,0,0,0,0,0
508,79,52,66,55,59,0, 1,-,-,0.00,29.52,30.17,5.3,3,6.7,0,0,0,0,0
509,75,58,67,55,60,0, 2,-,-,0.00,29.54,30.20,4.4,10,5.8,0,0,0,0,0
510,71,54,63,56,60,2, 0,-,-,0.44,29.34,30.02,5.9,8,7.3,1,1,0,0,1
511,69,63,66,60,62,0, 1,-,-,0.005,29.31,29.97,3.6,23,5.5,0,1,0,1,1
512,76,63,70,65,67,0, 5,-,-,0.04,29.34,29.97,5.2,18,7.3,1,1,0,0,0
513,76,62,69,63,64,0, 4,-,-,0.00,29.47,30.11,0.8,31,4.7,0,1,0,0,0
514,71,64,68,62,64,0, 3,-,-,0.00,29.49,30.15,4.1,7,4.4,0,1,0,0,0
515,70,60,65,57,60,0, 0,-,-,0.02,29.44,30.11,5.4,11,6.3,1,1,0,0,1
516,66,56,61,56,59,4, 0,-,-,0.005,29.21,29.90,3.9,26,4.6,0,1,0,0,0
517,74,53,64,53,58,1, 0,-,-,0.48,28.91,29.59,7.6,23,10.2,1,1,1,0,0
518,63,50,57,42,49,8, 0,-,-,0.005,28.98,29.61,19.8,28,20.2,1,0,0,0,0
519,58,48,53,42,48,12, 0,-,-,0.005,29.34,29.96,8.4,33,10.2,0,0,0,0,1
520,61,49,55,42,48,10, 0,-,-,0.00,29.44,30.10,4.8,3,7.0,0,0,0,0,0
521,59,44,52,46,49,13, 0,-,-,0.59,29.18,29.90,8.8,13,8.7,1,1,1,0,0
522,56,48,52,46,48,13, 0,-,-,0.17,28.87,29.56,10.0,22,11.6,1,1,0,0,1
523,58,47,53,47,49,12, 0,-,-,0.03,29.08,29.71,9.4,26,9.8,1,1,0,0,0
524,61,45,53,42,47,12, 0,-,-,0.00,29.34,29.99,8.9,27,9.3,0,0,0,0,0
525,61,42,52,42,47,13, 0,-,-,0.00,29.35,30.04,2.9,9,4.5,0,0,0,0,0
526,62,49,56,46,50,9, 0,-,-,0.05,28.97,29.66,9.5,24,15.1,1,1,0,0,0
527,60,45,53,39,46,12, 0,-,-,0.00,29.31,29.96,8.5,26,10.1,0,0,0,0,0
528,54,47,51,46,49,14, 0,-,-,0.14,29.25,29.93,4.8,20,5.6,1,1,0,0,1
529,52,40,46,44,46,19, 0,-,-,0.43,29.26,29.92,9.3,35,10.2,1,1,0,0,1
530,48,33,41,30,36,24, 0,-,-,0.00,29.55,30.21,7.8,29,8.2,0,0,0,0,0
531,45,29,37,23,33,28, 0,-,-,0.00,29.67,30.36,1.1,1,4.8,0,0,0,0,0
532,49,42,46,34,40,19, 0,-,-,0.005,29.50,30.20,0.6,24,3.5,1,1,0,1,1
533,48,36,42,32,39,23, 0,-,-,0.00,29.66,30.35,8.5,2,11.3,0,1,0,0,0
534,48,42,45,36,41,20, 0,-,-,0.03,29.47,30.17,10.7,10,11.2,1,1,0,0,1
535,44,41,43,38,40,22, 0,-,-,0.33,29.31,30.00,9.4,7,10.0,1,1,0,0,1
536,46,40,43,36,40,22, 0,-,-,0.08,29.46,30.13,7.1,35,8.1,1,0,0,0,1
537,52,39,46,34,40,19, 0,-,-,0.01,29.64,30.30,6.9,35,7.7,1,0,0,0,0
538,53,33,43,33,40,22, 0,-,-,0.00,29.55,30.26,5.8,21,6.2,0,0,0,0,0
539,66,43,55,40,47,10, 0,-,-,0.00,29.32,30.01,10.7,21,10.8,0,0,0,0,0
540,64,51,58,47,52,7, 0,-,-,0.05,29.38,30.03,6.4,19,7.4,1,0,0,0,0
541,70,55,63,50,55,2, 0,-,-,0.01,29.32,29.99,11.1,21,11.2,0,0,0,0,0
542,58,49,54,49,51,11, 0,-,-,0.84,29.23,29.93,8.7,6,13.2,1,1,0,0,0
543,62,44,53,50,51,12, 0,-,-,1.29,28.80,29.48,6.6,19,15.4,1,1,0,0,1
544,49,39,44,37,41,21, 0,-,-,0.05,29.10,29.74,9.6,26,10.3,1,0,0,0,1
545,63,44,54,43,48,11, 0,-,-,0.24,29.32,29.97,6.3,19,7.3,1,1,0,0,0
546,55,50,53,47,49,12, 0,-,-,0.13,29.35,30.02,5.2,21,6.8,1,1,0,0,1
547,52,48,50,46,48,15, 0,-,-,0.16,29.24,29.94,5.5,5,7.0,1,1,0,0,1
548,58,50,54,49,51,11, 0,-,-,0.00,29.34,29.99,1.8,13,3.0,0,1,0,1,0
549,60,48,54,50,52,11, 0,-,-,1.05,29.28,29.99,11.1,14,11.4,1,1,0,1,0
550,68,47,58,54,56,7, 0,-,-,1.15,28.87,29.56,15.7,21,17.9,1,1,0,0,0
551,47,37,42,31,38,23, 0,-,-,0.01,29.25,29.87,13.4,26,13.8,0,0,0,0,0
552,71,61,66,54,59,0, 1,-,-,0.01,28.95,29.59,7.4,22,8.1,1,0,0,0,0
553,68,54,61,52,56,4, 0,-,-,0.31,28.97,29.60,2.8,26,6.9,1,1,0,0,0
554,72,52,62,45,53,3, 0,-,-,0.00,29.13,29.77,8.9,25,9.5,0,0,0,0,0
555,80,53,67,43,54,0, 2,-,-,0.00,29.13,29.78,12.1,21,12.6,0,0,0,0,0
556,73,57,65,37,51,0, 0,-,-,0.005,29.15,29.77,9.7,27,12.1,0,0,0,0,0
557,60,48,54,39,46,11, 0,-,-,0.05,29.33,29.99,5.9,6,10.1,0,0,0,0,0
558,59,46,53,46,49,12, 0,-,-,0.74,29.04,29.73,3.7,31,13.8,1,1,1,0,0
559,50,42,46,35,41,19, 0,-,-,0.08,29.42,30.06,13.6,29,14.4,1,0,0,0,0
560,56,37,47,29,40,18, 0,-,-,0.00,29.66,30.32,1.8,6,5.9,0,0,0,0,0
561,58,43,51,29,42,14, 0,-,-,0.005,29.54,30.25,12.5,12,13.0,1,0,0,0,0
562,59,44,52,46,48,13, 0,-,-,0.72,29.21,29.89,3.0,12,10.4,1,1,0,0,0
563,53,46,50,45,47,15, 0,-,-,0.14,29.41,30.09,8.3,6,10.0,1,1,1,1,1
564,78,49,64,54,57,1, 0,-,-,0.97,29.28,29.93,5.9,25,13.4,1,1,1,0,0
565,67,49,58,43,51,7, 0,-,-,0.00,29.52,30.17,11.9,26,12.3,0,0,0,0,0
566,63,47,55,41,48,10, 0,-,-,0.00,29.59,30.25,4.0,5,6.4,0,0,0,0,0
567,66,46,56,43,50,9, 0,-,-,0.00,29.48,30.17,11.1,5,11.5,0,0,0,0,0
568,60,52,56,43,49,9, 0,-,-,0.11,29.35,30.03,7.9,3,8.8,1,0,0,0,1
569,62,49,56,41,48,9, 0,-,-,0.00,29.31,29.98,9.6,2,10.1,0,0,0,0,0
570,73,46,60,39,50,5, 0,-,-,0.00,29.36,30.02,6.4,4,7.3,0,0,0,0,0
571,72,51,62,49,55,3, 0,-,-,0.09,29.35,30.02,6.3,12,7.4,1,0,0,0,0
572,72,56,64,58,60,1, 0,-,-,0.40,29.21,29.87,5.0,12,6.2,1,1,0,0,1
573,72,58,65,59,61,0, 0,-,-,0.01,29.29,29.94,2.7,9,6.1,0,1,0,1,0
574,89,65,77,65,69,0,12,-,-,0.00,29.33,29.96,9.7,18,10.0,0,0,0,0,0
575,91,73,82,66,71,0,17,-,-,0.00,29.39,30.01,6.3,13,7.9,0,0,0,0,0
576,87,71,79,61,68,0,14,-,-,0.00,29.39,30.02,6.4,12,8.1,0,0,0,0,0
577,85,70,78,62,68,0,13,-,-,0.005,29.34,29.98,3.2,2,5.8,1,0,1,0,0
578,77,63,70,50,59,0, 5,-,-,0.00,29.36,30.00,12.7,2,13.0,0,0,0,0,0
579,76,59,68,49,58,0, 3,-,-,0.00,29.33,29.99,10.0,2,10.4,0,0,0,0,0
580,84,62,73,57,63,0, 8,-,-,0.00,29.28,29.93,4.5,7,5.6,0,0,0,0,0
581,91,64,78,59,66,0,13,-,-,0.005,29.23,29.86,4.5,17,6.1,1,0,1,0,0
582,84,65,75,65,67,0,10,-,-,1.57,29.21,29.85,1.6,19,4.8,1,1,1,1,0
583,84,65,75,63,67,0,10,-,-,0.00,29.17,29.83,4.4,17,6.1,0,1,0,1,0
584,77,59,68,61,64,0, 3,-,-,1.30,29.05,29.69,2.8,32,10.1,1,1,1,0,0
585,71,58,65,46,55,0, 0,-,-,0.00,29.15,29.79,6.1,4,7.7,0,0,0,0,0
586,83,60,72,59,64,0, 7,-,-,0.005,29.07,29.71,6.8,21,8.5,0,0,0,0,0
587,79,60,70,63,66,0, 5,-,-,0.51,29.00,29.65,3.8,24,8.0,1,1,1,0,0
588,75,58,67,54,59,0, 2,-,-,0.005,29.22,29.83,8.3,33,10.4,1,0,0,0,0
589,69,56,63,48,55,2, 0,-,-,0.00,29.41,30.04,6.5,7,7.9,0,0,0,0,0
590,67,59,63,57,59,2, 0,-,-,0.33,29.28,29.96,7.8,13,8.9,1,1,0,0,0
591,83,67,75,55,63,0,10,-,-,0.00,29.19,29.82,10.0,27,10.8,0,1,0,0,0
592,75,60,68,54,60,0, 3,-,-,0.00,29.31,29.94,5.3,8,6.7,0,0,0,0,0
593,88,64,76,67,71,0,11,-,-,0.41,29.24,29.88,8.6,19,10.2,1,0,1,0,0
594,77,62,70,63,65,0, 5,-,-,0.12,29.31,29.94,2.2,2,7.4,1,1,0,1,0
595,73,61,67,61,63,0, 2,-,-,0.25,29.32,29.97,3.6,7,4.6,1,1,0,1,0
596,72,61,67,61,63,0, 2,-,-,0.01,29.28,29.92,5.5,5,6.5,1,1,0,1,0
597,79,61,70,65,67,0, 5,-,-,0.88,29.23,29.88,3.2,20,6.3,1,1,0,1,0
598,86,65,76,60,65,0,11,-,-,0.00,29.34,29.97,6.1,27,10.2,0,0,0,0,0
599,84,67,76,61,67,0,11,-,-,0.00,29.36,30.00,4.4,14,6.9,0,0,0,0,0
600,91,66,79,66,69,0,14,-,-,0.66,29.24,29.91,6.2,22,9.6,1,0,1,0,0
601,86,66,76,60,66,0,11,-,-,0.00,29.30,29.92,10.1,27,11.5,0,0,0,0,0
602,80,67,74,60,65,0, 9,-,-,0.005,29.40,30.02,4.4,8,5.2,0,0,0,0,0
603,85,68,77,66,69,0,12,-,-,0.40,29.31,29.96,4.4,17,7.0,1,0,1,0,0
604,86,70,78,68,71,0,13,-,-,0.00,29.34,29.97,6.7,22,7.2,0,0,0,0,0
605,87,67,77,69,71,0,12,-,-,1.23,29.23,29.89,9.3,22,11.5,1,1,1,1,0
606,81,65,73,59,65,0, 8,-,-,0.00,29.38,30.01,2.3,36,8.1,0,0,0,0,0
607,84,66,75,61,66,0,10,-,-,0.00,29.34,29.99,6.5,20,7.7,0,0,0,0,0
608,88,68,78,65,69,0,13,-,-,0.70,29.16,29.81,2.3,16,7.0,1,1,1,0,0
609,87,72,80,69,72,0,15,-,-,0.88,28.95,29.60,8.5,24,10.0,0,1,0,0,0
610,82,65,74,59,65,0, 9,-,-,0.00,29.13,29.74,9.1,31,11.7,0,0,0,0,0
611,73,62,68,52,59,0, 3,-,-,0.00,29.46,30.07,6.7,6,8.6,0,0,0,0,0
612,76,57,67,50,57,0, 2,-,-,0.00,29.60,30.23,3.9,5,6.6,0,0,0,0,0
613,77,58,68,47,57,0, 3,-,-,0.00,29.65,30.31,6.2,10,6.0,0,0,0,0,0
614,83,62,73,50,60,0, 8,-,-,0.00,29.52,30.19,7.5,18,7.9,0,0,0,0,0
615,87,64,76,54,63,0,11,-,-,0.00,29.36,30.02,8.1,20,8.4,0,0,0,0,0
616,92,72,82,65,71,0,17,-,-,0.03,29.26,29.90,10.2,22,10.7,0,0,0,0,0
617,90,79,85,63,70,0,20,-,-,0.00,29.26,29.88,13.0,20,13.3,0,0,0,0,0
618,91,75,83,68,72,0,18,-,-,0.04,29.33,29.95,9.0,23,10.2,1,0,0,0,0
619,94,72,83,69,73,0,18,-,-,0.05,29.39,30.01,4.8,24,5.5,0,0,0,0,0
620,87,74,81,69,72,0,16,-,-,0.15,29.33,29.97,0.5,34,4.7,1,1,0,0,0
621,87,72,80,59,67,0,15,-,-,0.005,29.32,29.96,4.9,2,6.5,0,0,0,0,0
622,89,69,79,59,67,0,14,-,-,0.01,29.29,29.93,4.1,27,7.1,0,0,0,0,0
623,85,67,76,62,67,0,11,-,-,0.77,29.13,29.79,6.4,21,6.7,1,1,1,0,0
624,84,65,75,64,68,0,10,-,-,0.01,29.11,29.74,1.1,4,4.6,1,1,0,1,0
625,84,71,78,64,68,0,13,-,-,0.02,29.24,29.85,6.2,9,6.9,1,0,0,0,0
626,91,72,82,69,73,0,17,-,-,0.00,29.31,29.94,8.6,18,9.2,0,1,0,1,0
627,92,73,83,69,73,0,18,-,-,0.00,29.26,29.89,7.9,25,10.3,0,0,0,0,0
628,90,68,79,60,68,0,14,-,-,0.00,29.29,29.93,6.6,25,7.9,0,0,0,0,0
629,92,71,82,64,70,0,17,-,-,0.00,29.24,29.87,1.4,26,6.4,0,0,0,0,0
630,91,74,83,69,73,0,18,-,-,0.29,29.16,29.80,7.1,24,9.2,0,0,0,0,0
631,84,72,78,66,70,0,13,-,-,0.005,29.23,29.87,3.4,23,4.9,1,0,0,0,0
632,85,69,77,66,70,0,12,-,-,0.00,29.26,29.90,7.0,23,7.9,0,0,0,1,0
633,90,73,82,66,71,0,17,-,-,0.00,29.35,29.98,1.8,30,6.3,0,0,0,0,0
634,90,72,81,70,74,0,16,-,-,0.02,29.23,29.88,8.2,20,9.0,1,0,0,0,0
635,95,71,83,71,74,0,18,-,-,3.15,29.23,29.83,9.6,24,11.0,1,1,1,0,0
636,87,69,78,70,72,0,13,-,-,4.73,29.21,29.84,2.9,23,10.1,1,1,1,0,0
637,81,68,75,60,66,0,10,-,-,0.52,29.41,30.03,9.2,2,9.6,0,1,0,0,0
638,84,64,74,62,67,0, 9,-,-,0.00,29.43,30.07,4.8,12,5.4,0,0,0,0,0
639,88,71,80,66,71,0,15,-,-,0.00,29.34,29.99,6.0,21,6.7,0,0,0,0,0
640,91,77,84,71,75,0,19,-,-,0.00,29.30,29.92,5.2,25,8.8,0,0,0,1,0
641,81,69,75,59,65,0,10,-,-,0.00,29.41,30.05,6.1,6,7.8,0,0,0,0,0
642,79,71,75,59,65,0,10,-,-,0.005,29.31,29.97,5.1,16,5.8,1,0,0,0,0
643,78,65,72,63,66,0, 7,-,-,0.60,29.21,29.84,3.1,14,4.8,1,1,0,1,0
644,84,66,75,64,68,0,10,-,-,0.00,29.29,29.93,2.2,11,3.9,0,1,0,1,0
645,84,70,77,66,70,0,12,-,-,0.08,29.31,29.94,5.4,21,6.2,1,0,0,0,0
646,87,65,76,70,73,0,11,-,-,1.60,29.24,29.89,2.3,20,3.6,1,1,1,0,0
647,81,71,76,71,73,0,11,-,-,0.57,29.21,29.83,3.6,26,4.2,1,1,1,0,0
648,84,68,76,62,67,0,11,-,-,0.00,29.19,29.82,9.5,29,9.8,0,0,0,0,0
649,82,64,73,58,64,0, 8,-,-,0.00,29.28,29.91,5.9,29,6.3,0,0,0,0,0
650,84,66,75,63,67,0,10,-,-,0.00,29.26,29.91,7.1,23,7.5,0,0,0,0,0
651,87,71,79,66,70,0,14,-,-,0.05,29.21,29.85,8.6,21,9.3,0,0,0,0,0
652,89,75,82,69,73,0,17,-,-,0.005,29.26,29.88,4.4,24,6.5,0,0,0,1,0
653,88,77,83,71,74,0,18,-,-,0.00,29.28,29.91,5.5,8,5.9,0,0,0,0,0
654,90,77,84,69,74,0,19,-,-,0.00,29.20,29.82,5.2,27,7.4,0,0,0,1,0
655,89,75,82,69,74,0,17,-,-,0.00,29.18,29.81,3.3,8,5.7,0,0,0,0,0
656,93,72,83,70,74,0,18,-,-,0.66,29.13,29.76,7.4,17,9.0,1,1,0,0,0
657,88,72,80,68,72,0,15,-,-,0.005,29.18,29.80,2.8,22,4.2,0,0,0,0,0
658,84,67,76,62,68,0,11,-,-,0.00,29.26,29.88,8.5,29,9.3,0,0,0,0,0
659,80,64,72,54,62,0, 7,-,-,0.00,29.36,30.00,9.3,27,9.9,0,0,0,0,0
660,79,65,72,57,63,0, 7,-,-,0.03,29.41,30.05,3.8,28,6.0,1,0,0,0,0
661,83,64,74,60,65,0, 9,-,-,0.04,29.34,30.00,1.2,18,3.4,1,0,0,0,0
662,87,69,78,63,69,0,13,-,-,0.00,29.24,29.89,4.6,21,5.5,0,0,0,0,0
663,93,75,84,66,71,0,19,-,-,0.005,29.16,29.80,10.0,19,10.5,1,0,0,0,0
664,86,71,79,68,71,0,14,-,-,0.59,29.20,29.81,2.6,35,5.2,1,1,0,0,0
665,80,68,74,64,68,0, 9,-,-,0.00,29.40,30.02,9.4,2,10.3,0,0,0,0,0
666,78,67,73,63,67,0, 8,-,-,0.00,29.40,30.04,6.9,7,8.1,0,0,0,0,0
667,81,68,75,61,66,0,10,-,-,0.005,29.35,30.00,2.4,8,5.3,0,0,0,0,0
668,79,63,71,50,59,0, 6,-,-,0.00,29.42,30.06,9.4,33,9.9,0,0,0,0,0
669,78,62,70,52,59,0, 5,-,-,0.00,29.51,30.15,1.9,14,6.1,0,0,0,0,0
670,83,61,72,53,61,0, 7,-,-,0.00,29.44,30.10,5.8,21,6.6,0,0,0,0,0
671,87,65,76,50,61,0,11,-,-,0.00,29.42,30.06,7.6,18,7.8,0,0,0,0,0
672,93,72,83,63,69,0,18,-,-,0.00,29.45,30.08,7.6,19,7.7,0,0,0,0,0
673,88,73,81,65,70,0,16,-,-,0.00,29.49,30.12,10.2,19,10.5,0,0,0,0,0
674,92,75,84,67,72,0,19,-,-,0.00,29.34,30.00,12.0,20,12.2,0,0,0,0,0
675,80,71,76,66,70,0,11,-,-,0.14,29.27,29.90,5.8,22,6.9,1,1,0,0,0
676,83,66,75,67,70,0,10,-,-,0.92,29.15,29.80,7.0,21,7.9,1,1,1,0,0
677,72,57,65,51,57,0, 0,-,-,0.00,29.17,29.81,15.7,28,16.1,0,0,0,0,0
678,68,52,60,43,51,5, 0,-,-,0.005,29.31,29.95,11.3,30,11.9,1,0,0,0,0
679,77,52,65,48,56,0, 0,-,-,0.005,29.28,29.95,7.2,20,8.0,0,0,0,0,0
680,84,68,76,50,60,0,11,-,-,0.00,29.18,29.83,13.8,20,14.3,0,0,0,0,0
681,79,60,70,47,58,0, 5,-,-,0.005,29.28,29.89,16.2,25,17.2,0,0,0,0,0
682,71,53,62,47,54,3, 0,-,-,0.00,29.44,30.08,3.7,34,7.8,0,0,0,0,0
683,68,53,61,49,55,4, 0,-,-,0.00,29.42,30.08,5.2,4,6.9,0,0,0,0,0
684,72,59,66,50,57,0, 1,-,-,0.00,29.29,29.96,9.9,10,11.0,0,0,0,0,0
685,75,59,67,54,59,0, 2,-,-,0.16,29.21,29.86,1.6,24,8.9,1,1,0,0,0
686,83,53,68,50,59,0, 3,-,-,0.00,29.36,29.99,7.9,25,8.2,0,0,0,0,0
687,82,61,72,53,60,0, 7,-,-,0.00,29.35,29.99,1.0,26,4.6,0,0,0,0,0
688,77,58,68,48,57,0, 3,-,-,0.00,29.44,30.08,4.6,7,5.6,0,0,0,0,0
689,75,61,68,52,59,0, 3,-,-,0.04,29.31,30.00,7.4,12,8.5,1,1,0,0,0
690,70,57,64,55,59,1, 0,-,-,0.03,29.24,29.87,7.4,33,12.9,0,1,0,1,0
691,74,51,63,49,56,2, 0,-,-,0.00,29.42,30.06,3.9,19,4.8,0,0,0,0,0
692,66,60,63,55,58,2, 0,-,-,0.22,29.49,30.12,2.0,3,7.3,1,0,1,0,0
693,68,56,62,48,55,3, 0,-,-,0.01,29.51,30.17,7.4,4,8.4,1,0,0,0,0
694,77,63,70,60,64,0, 5,-,-,0.005,29.35,30.02,5.4,12,7.0,0,0,0,0,0
695,89,67,78,62,67,0,13,-,-,0.03,29.23,29.86,9.2,22,10.3,1,0,1,0,0
696,75,64,70,61,63,0, 5,-,-,0.00,29.38,30.01,1.8,8,5.2,0,1,0,0,0
697,90,66,78,61,68,0,13,-,-,0.00,29.21,29.87,14.5,21,14.9,0,1,0,0,0
698,79,57,68,53,59,0, 3,-,-,0.20,29.24,29.87,14.8,25,16.6,1,1,0,0,0
699,60,52,56,43,49,9, 0,-,-,0.005,29.45,30.10,7.4,36,9.5,1,0,0,0,0
700,60,52,56,44,50,9, 0,-,-,0.05,29.45,30.12,11.2,2,11.8,1,0,0,0,0
701,63,49,56,46,50,9, 0,-,-,0.01,29.24,29.95,0.6,7,2.7,1,0,0,1,0
702,70,46,58,44,51,7, 0,-,-,0.00,29.13,29.79,2.1,6,3.7,0,0,0,0,0
703,76,50,63,45,54,2, 0,-,-,0.00,29.15,29.81,5.1,21,5.5,0,0,0,0,0
704,75,53,64,49,55,1, 0,-,-,0.00,29.29,29.91,8.3,1,10.1,0,0,0,0,0
705,74,49,62,43,52,3, 0,-,-,0.02,29.38,30.04,3.9,28,5.6,1,0,0,0,0
706,55,46,51,42,47,14, 0,-,-,0.25,29.52,30.16,17.5,36,17.8,1,0,0,0,1
707,57,43,50,38,44,15, 0,-,-,0.01,29.68,30.35,9.7,36,11.0,1,0,0,0,0
708,59,41,50,39,45,15, 0,-,-,0.00,29.70,30.38,2.0,3,4.4,0,0,0,0,0
709,66,40,53,37,46,12, 0,-,-,0.00,29.65,30.34,0.7,36,2.7,0,0,0,0,0
710,78,45,62,43,52,3, 0,-,-,0.00,29.39,30.08,6.7,27,7.3,0,0,0,0,0
711,76,49,63,40,51,2, 0,-,-,0.00,29.42,30.08,2.9,31,4.5,0,0,0,0,0
712,79,49,64,37,51,1, 0,-,-,0.00,29.37,30.03,7.0,24,7.1,0,0,0,0,0
713,87,56,72,49,59,0, 7,-,-,0.00,29.31,29.97,3.9,24,4.2,0,0,0,0,0
714,84,59,72,50,59,0, 7,-,-,0.00,29.23,29.88,3.7,25,3.9,0,0,0,0,0
715,81,57,69,53,59,0, 4,-,-,0.00,29.18,29.82,1.5,34,4.3,0,0,0,0,0
716,76,54,65,54,59,0, 0,-,-,0.00,29.26,29.91,3.1,6,5.0,0,0,0,0,0
717,63,48,56,48,53,9, 0,-,-,0.26,29.40,30.05,7.3,36,8.3,1,0,1,0,0
718,66,43,55,32,45,10, 0,-,-,0.00,29.28,29.96,6.5,27,8.0,0,0,0,0,0
719,62,47,55,41,47,10, 0,-,-,0.00,29.40,30.05,6.6,36,9.2,0,0,0,0,0
720,71,44,58,39,48,7, 0,-,-,0.00,29.38,30.04,6.4,22,7.1,0,0,0,0,0
721,64,48,56,38,47,9, 0,-,-,0.00,29.41,30.08,3.6,3,5.3,0,0,0,0,0
722,60,45,53,41,47,12, 0,-,-,0.00,29.35,30.02,4.1,5,5.6,0,0,0,0,0
723,61,40,51,35,44,14, 0,-,-,0.00,29.29,29.98,5.3,28,6.4,0,0,0,0,0
724,70,46,58,35,46,7, 0,-,-,0.005,29.09,29.77,9.9,26,12.2,0,0,0,0,0
725,56,41,49,29,40,16, 0,-,-,0.00,29.31,29.96,8.5,30,8.8,0,0,0,0,0
726,65,37,51,29,42,14, 0,-,-,0.01,29.41,30.08,4.9,21,5.1,0,0,0,0,0
727,67,54,61,43,52,4, 0,-,-,0.21,29.26,29.95,9.8,20,10.3,1,1,1,0,0
728,73,57,65,51,57,0, 0,-,-,1.01,29.05,29.74,7.7,20,8.5,1,0,1,0,0
729,72,57,65,56,60,0, 0,-,-,0.01,28.80,29.50,10.1,19,10.7,0,1,0,0,0
730,71,54,63,47,54,2, 0,-,-,0.40,28.63,29.23,19.2,21,21.4,1,1,0,0,0
731,65,43,54,31,45,11, 0,-,-,0.00,29.00,29.60,20.8,25,22.1,0,0,0,0,0
732,46,39,43,30,38,22, 0,-,-,0.00,29.49,30.12,14.9,28,15.2,0,0,0,0,0
733,50,33,42,26,36,23, 0,-,-,0.00,29.55,30.25,5.3,24,7.0,0,0,0,0,0
734,63,41,52,32,42,13, 0,-,-,0.00,29.21,29.90,6.1,24,13.3,0,0,0,0,0
735,52,39,46,31,40,19, 0,-,-,0.00,29.55,30.20,9.0,3,9.9,0,0,0,0,0
736,64,52,58,37,48,7, 0,-,-,0.00,29.32,29.94,11.2,26,11.6,0,0,0,0,0
737,60,43,52,31,42,13, 0,-,-,0.00,29.52,30.16,4.6,36,9.9,0,0,0,0,0
738,51,38,45,30,38,20, 0,-,-,0.005,29.56,30.23,8.2,2,8.7,0,0,0,0,1
739,57,37,47,29,40,18, 0,-,-,0.00,29.70,30.37,4.9,3,7.3,0,0,0,0,0
740,62,41,52,39,46,13, 0,-,-,0.10,29.40,30.13,10.4,19,10.9,1,0,0,0,0
741,69,45,57,39,49,8, 0,-,-,0.00,29.18,29.87,7.9,27,9.3,0,1,0,0,0
742,60,46,53,46,50,12, 0,-,-,0.005,29.18,29.84,5.3,5,7.9,0,0,0,0,0
743,68,44,56,44,50,9, 0,-,-,0.00,29.33,29.97,6.9,6,7.8,0,0,0,0,0
744,74,51,63,46,55,2, 0,-,-,0.005,29.21,29.89,15.3,12,15.6,0,0,0,0,0
745,91,64,78,60,66,0,13,-,-,0.00,29.06,29.71,7.3,17,8.6,0,0,0,1,0
746,88,67,78,65,69,0,13,-,-,0.28,29.16,29.78,4.4,14,6.4,0,1,0,1,0
747,87,63,75,61,66,0,10,-,-,0.02,29.13,29.78,4.3,19,7.4,0,1,1,1,0
748,77,47,62,54,57,3, 0,-,-,0.01,29.07,29.71,10.5,1,11.5,0,0,0,0,0
749,51,46,49,46,47,16, 0,-,-,0.43,29.05,29.72,17.0,1,17.2,1,1,0,0,1
750,48,42,45,38,42,20, 0,-,-,0.37,29.19,29.84,18.8,1,18.9,1,1,0,0,0
751,53,40,47,31,40,18, 0,-,-,0.00,29.34,30.01,13.9,1,14.1,0,0,0,0,0
752,60,40,50,35,44,15, 0,-,-,0.00,29.27,29.95,13.1,2,13.6,0,0,0,0,0
753,61,50,56,49,51,9, 0,-,-,0.03,29.21,29.88,6.6,1,7.0,1,1,0,1,0
754,73,50,62,53,55,3, 0,-,-,0.00,29.36,30.00,3.0,2,5.0,0,1,0,1,0
755,72,50,61,53,56,4, 0,-,-,0.00,29.36,30.03,5.4,7,6.2,0,1,0,0,0
756,76,51,64,59,62,1, 0,-,-,0.005,29.20,29.87,8.1,15,9.0,0,0,0,1,0
757,88,65,77,59,65,0,12,-,-,0.12,29.02,29.69,11.2,18,11.6,1,0,1,0,0
758,80,65,73,59,64,0, 8,-,-,0.005,28.98,29.61,11.3,24,12.5,0,0,0,0,0
759,69,48,59,47,53,6, 0,-,-,0.01,29.21,29.84,11.1,3,11.5,0,0,0,0,0
760,75,49,62,53,55,3, 0,-,-,1.90,28.97,29.65,7.8,3,10.1,1,1,1,0,0
761,50,43,47,40,43,18, 0,-,-,0.61,29.19,29.83,18.8,1,18.9,1,1,0,0,0
762,58,42,50,41,46,15, 0,-,-,0.01,29.27,29.94,6.6,4,8.0,1,0,0,0,0
763,64,52,58,55,57,7, 0,-,-,0.23,29.16,29.83,4.4,18,5.8,1,1,1,1,1
764,72,57,65,60,61,0, 0,-,-,0.92,29.23,29.86,3.6,11,6.6,1,1,1,0,0
765,90,65,78,65,70,0,13,-,-,0.00,29.33,29.96,11.2,19,11.6,0,0,0,0,0
766,88,69,79,65,70,0,14,-,-,0.005,29.41,30.02,12.4,22,13.2,1,0,0,0,0
767,82,63,73,49,59,0, 8,-,-,0.00,29.51,30.15,11.5,26,11.5,0,0,0,0,0
768,69,57,63,45,53,2, 0,-,-,0.005,29.51,30.18,8.9,6,9.6,1,0,0,0,0
769,88,57,73,61,67,0, 8,-,-,0.18,29.37,30.03,10.0,16,10.6,1,0,0,0,0
770,91,67,79,64,69,0,14,-,-,0.50,29.38,30.00,3.0,26,8.1,0,0,0,0,0
771,84,63,74,55,62,0, 9,-,-,0.01,29.41,30.06,2.7,8,5.0,0,0,0,0,0
772,94,62,78,63,69,0,13,-,-,0.00,29.22,29.88,7.8,20,8.6,0,0,0,0,0
773,96,77,87,64,72,0,22,-,-,0.00,29.18,29.80,9.7,23,10.1,0,0,0,0,0
774,96,67,82,63,71,0,17,-,-,0.69,29.20,29.80,9.3,23,12.1,1,1,1,0,0
775,69,52,61,54,56,4, 0,-,-,2.17,29.34,29.98,7.0,4,12.0,1,1,1,0,0
776,71,51,61,56,58,4, 0,-,-,0.44,29.26,29.92,6.1,1,7.5,1,1,1,1,0
777,65,53,59,54,56,6, 0,-,-,0.10,29.29,29.94,5.4,2,5.8,1,1,1,0,1
778,64,51,58,45,52,7, 0,-,-,0.00,29.44,30.09,9.4,2,9.9,0,0,0,0,0
779,71,56,64,43,53,1, 0,-,-,0.00,29.44,30.11,8.0,6,8.7,0,0,0,0,0
780,77,58,68,49,57,0, 3,-,-,0.00,29.31,30.00,7.8,9,8.3,0,0,0,0,0
781,72,57,65,59,62,0, 0,-,-,0.84,29.07,29.73,8.4,16,11.2,1,1,1,0,0
782,81,62,72,59,63,0, 7,-,-,0.03,29.12,29.75,6.6,26,9.1,1,1,0,0,0
783,82,64,73,60,65,0, 8,-,-,0.00,29.18,29.81,5.3,7,6.2,0,0,0,0,0
784,83,63,73,62,66,0, 8,-,-,0.00,29.16,29.80,4.5,8,6.4,0,0,0,0,0
785,83,65,74,65,69,0, 9,-,-,0.00,29.08,29.73,3.7,14,4.9,0,1,0,0,0
786,80,69,75,67,69,0,10,-,-,1.23,29.07,29.70,8.0,16,9.5,1,1,1,0,0
787,89,69,79,70,73,0,14,-,-,0.08,28.98,29.63,11.0,18,11.8,1,1,1,0,0
788,75,66,71,62,65,0, 6,-,-,0.02,28.95,29.59,12.9,21,13.4,0,0,0,0,0
789,72,63,68,60,63,0, 3,-,-,0.05,28.96,29.60,12.6,26,13.5,1,1,0,0,0
790,68,60,64,55,59,1, 0,-,-,0.00,29.13,29.76,8.5,29,8.7,0,0,0,0,0
791,78,61,70,52,60,0, 5,-,-,0.005,29.28,29.91,3.9,9,5.8,1,0,0,0,0
792,80,64,72,53,61,0, 7,-,-,0.00,29.28,29.93,6.5,9,7.0,0,0,0,0,0
793,80,67,74,64,67,0, 9,-,-,0.14,29.15,29.79,6.4,21,9.2,1,1,0,0,0
794,81,65,73,53,61,0, 8,-,-,0.00,29.34,29.97,7.2,30,8.6,0,0,0,0,0
795,80,63,72,55,62,0, 7,-,-,0.00,29.41,30.04,3.9,8,5.9,0,0,0,0,0
796,89,66,78,61,67,0,13,-,-,0.03,29.34,29.99,9.2,16,10.6,1,0,1,0,0
797,89,70,80,63,68,0,15,-,-,0.01,29.31,29.95,10.4,18,10.8,1,0,1,0,0
798,93,73,83,71,74,0,18,-,-,0.00,29.31,29.94,3.1,23,7.5,0,1,0,0,0
799,86,70,78,58,65,0,13,-,-,0.00,29.33,29.96,4.4,3,6.1,0,0,0,0,0
800,88,68,78,53,63,0,13,-,-,0.00,29.32,29.95,3.3,7,4.5,0,0,0,0,0
801,92,67,80,59,68,0,15,-,-,0.00,29.31,29.94,4.9,26,5.6,0,0,0,0,0
802,87,71,79,60,67,0,14,-,-,0.00,29.33,29.95,5.9,4,7.3,0,0,0,0,0
803,81,66,74,55,63,0, 9,-,-,0.07,29.28,29.93,5.7,7,7.1,1,0,0,0,0
804,86,65,76,52,63,0,11,-,-,0.00,29.22,29.86,5.2,4,6.5,0,0,0,0,0
805,90,67,79,60,68,0,14,-,-,0.00,29.27,29.90,5.4,18,6.5,0,0,0,0,0
806,91,75,83,67,72,0,18,-,-,0.005,29.23,29.87,7.8,19,8.1,0,0,0,1,0
807,90,70,80,70,74,0,15,-,-,0.13,29.18,29.81,5.3,24,8.0,1,1,1,0,0
808,88,71,80,64,69,0,15,-,-,0.01,29.31,29.92,4.5,4,7.0,1,0,0,0,0
809,74,66,70,57,63,0, 5,-,-,0.00,29.40,30.04,11.6,4,12.2,0,0,0,0,0
810,82,65,74,56,63,0, 9,-,-,0.00,29.35,30.00,7.3,9,8.7,0,0,0,0,0
811,86,71,79,60,67,0,14,-,-,0.00,29.33,29.96,6.2,10,6.8,0,0,0,0,0
812,90,74,82,60,68,0,17,-,-,0.00,29.38,30.00,2.5,19,2.7,0,0,0,0,0
813,95,74,85,69,74,0,20,-,-,0.00,29.41,30.04,6.8,23,7.2,0,0,0,0,0
814,93,81,87,74,77,0,22,-,-,0.005,29.29,29.94,11.2,24,11.7,0,0,0,1,0
815,92,79,86,73,77,0,21,-,-,0.00,29.23,29.86,3.2,6,6.6,0,1,0,0,0
816,100,77,89,73,77,0,24,-,-,0.00,29.15,29.78,7.6,23,9.9,0,0,1,0,0
817,101,82,92,72,77,0,27,-,-,0.00,29.16,29.77,5.3,26,10.0,0,0,0,0,0
818,100,71,,70,74,,,-,-,0.14,29.23,29.86,3.8,10,8.2,1,1,1,0,0
819,87,70,79,70,73,0,14,-,-,0.04,29.28,29.93,0.7,20,4.9,1,1,1,0,0
820,87,72,80,69,72,0,15,-,-,0.02,29.32,29.95,0.7,20,5.7,1,0,1,0,0
821,90,73,82,67,71,0,17,-,-,0.01,29.25,29.89,2.1,35,6.1,0,0,0,0,0
822,85,72,79,62,68,0,14,-,-,0.01,29.23,29.86,5.9,6,8.0,0,0,0,0,0
823,92,72,82,66,71,0,17,-,-,0.005,29.21,29.84,6.0,16,9.9,0,1,1,0,0
824,88,74,81,71,74,0,16,-,-,0.005,29.26,29.87,3.3,21,6.8,1,0,1,0,0
825,86,74,80,69,72,0,15,-,-,0.36,29.34,29.96,3.5,4,5.6,1,1,1,0,0
826,91,68,80,65,71,0,15,-,-,0.00,29.41,30.03,2.0,11,3.4,0,0,0,0,0
827,91,73,82,69,73,0,17,-,-,0.00,29.41,30.04,4.5,23,5.0,0,0,0,0,0
828,91,76,84,71,75,0,19,-,-,0.00,29.33,29.97,3.1,25,5.9,0,1,0,1,0
829,93,74,84,73,77,0,19,-,-,0.28,29.10,29.75,8.0,20,8.5,1,0,1,1,0
830,87,73,80,66,71,0,15,-,-,0.00,29.16,29.78,9.6,1,10.3,0,1,0,0,0
831,82,69,76,67,70,0,11,-,-,0.00,29.30,29.92,4.8,5,6.7,0,0,0,0,0
832,84,70,77,68,71,0,12,-,-,0.005,29.26,29.91,5.2,7,6.0,0,0,0,0,0
833,85,73,79,70,72,0,14,-,-,0.69,29.15,29.80,1.3,3,3.7,1,1,0,0,0
834,87,70,79,69,72,0,14,-,-,0.49,29.09,29.73,3.6,26,5.6,1,1,0,1,0
835,80,69,75,67,70,0,10,-,-,0.29,29.06,29.70,2.8,6,5.8,1,1,1,0,0
836,82,66,74,61,66,0, 9,-,-,0.01,29.03,29.66,11.0,27,11.6,0,1,0,0,0
837,78,62,70,54,61,0, 5,-,-,0.00,29.20,29.82,4.4,31,8.0,0,0,0,0,0
838,81,60,71,54,61,0, 6,-,-,0.00,29.31,29.93,2.7,23,4.2,0,0,0,0,0
839,82,65,74,57,64,0, 9,-,-,0.00,29.28,29.93,8.2,19,8.4,0,0,0,0,0
840,84,66,75,63,66,0,10,-,-,0.93,29.20,29.84,5.3,24,7.8,1,1,1,0,0
841,75,62,69,60,63,0, 4,-,-,0.01,29.29,29.93,11.7,35,12.6,1,0,0,0,0
842,80,59,70,55,62,0, 5,-,-,0.00,29.33,29.96,2.7,5,5.2,0,0,0,0,0
843,83,63,73,56,63,0, 8,-,-,0.00,29.38,30.01,2.3,18,3.0,0,0,0,0,0
844,83,65,74,61,67,0, 9,-,-,0.00,29.36,30.01,6.0,21,6.2,0,0,0,0,0
845,85,71,78,62,67,0,13,-,-,0.00,29.28,29.94,2.8,7,5.2,0,0,0,1,0
846,86,67,77,62,68,0,12,-,-,0.00,29.23,29.87,4.7,13,5.8,0,0,0,0,0
847,79,68,74,67,69,0, 9,-,-,0.39,29.28,29.90,2.0,16,4.9,1,1,1,0,0
848,81,66,74,58,64,0, 9,-,-,0.01,29.32,29.95,7.0,32,7.6,1,1,0,0,0
849,82,61,72,59,64,0, 7,-,-,0.00,29.36,30.01,0.7,8,3.5,0,0,0,0,0
850,74,66,70,62,65,0, 5,-,-,0.40,29.18,29.86,8.4,20,9.5,1,1,1,0,0
851,91,70,81,65,70,0,16,-,-,0.00,29.05,29.68,8.1,25,11.0,0,0,0,0,0
852,80,65,73,59,64,0, 8,-,-,0.00,29.33,29.93,3.1,2,7.0,0,0,0,0,0
853,83,61,72,58,64,0, 7,-,-,0.00,29.32,29.97,1.2,20,3.4,0,0,0,0,0
854,83,67,75,61,66,0,10,-,-,0.00,29.26,29.91,8.1,1,9.3,0,0,0,0,0
855,77,61,69,55,61,0, 4,-,-,0.00,29.26,29.91,8.5,1,9.2,0,0,0,0,0
856,78,61,70,57,62,0, 5,-,-,0.00,29.36,30.00,1.1,6,4.2,0,0,0,0,0
857,79,64,72,54,61,0, 7,-,-,0.02,29.38,30.02,5.9,15,6.8,1,0,0,0,0
858,88,65,77,64,69,0,12,-,-,0.05,29.29,29.94,5.4,17,7.4,0,0,0,0,0
859,94,74,84,70,75,0,19,-,-,0.00,29.26,29.89,5.8,21,6.3,0,0,0,0,0
860,94,79,87,69,74,0,22,-,-,0.005,29.24,29.87,4.0,20,6.6,0,0,0,0,0
861,87,71,79,68,71,0,14,-,-,0.15,29.21,29.85,1.2,20,5.7,0,0,0,0,0
862,74,60,67,55,61,0, 2,-,-,0.005,29.29,29.92,10.7,32,11.5,1,0,0,0,0
863,67,53,60,46,53,5, 0,-,-,0.005,29.43,30.07,15.9,36,16.6,0,0,0,0,0
864,66,57,62,47,54,3, 0,-,-,0.00,29.49,30.14,13.8,4,14.3,0,0,0,0,0
865,70,58,64,47,55,1, 0,-,-,0.00,29.47,30.13,12.4,2,13.3,0,0,0,0,0
866,74,62,68,54,59,0, 3,-,-,0.06,29.36,30.03,14.9,2,15.2,1,1,0,0,1
867,72,64,68,61,63,0, 3,-,-,0.11,29.28,29.94,7.9,4,8.4,1,1,0,0,0
868,76,58,67,60,63,0, 2,-,-,0.01,29.34,29.99,0.9,14,2.0,0,1,0,0,0
869,83,60,72,59,64,0, 7,-,-,0.00,29.33,29.98,4.3,25,4.7,0,1,0,0,0
870,86,64,75,59,65,0,10,-,-,0.00,29.24,29.90,9.2,23,9.3,0,0,0,0,0
871,76,58,67,55,61,0, 2,-,-,0.00,29.26,29.89,3.4,31,7.8,0,0,0,1,0
872,60,48,54,45,51,11, 0,-,-,0.005,29.47,,6.0,32,,1,1,0,1,0
873,60,44,52,36,45,13, 0,-,-,0.00,29.67,30.32,7.2,36,9.0,0,0,0,0,0
874,59,48,54,38,47,11, 0,-,-,0.00,29.65,30.33,2.6,13,3.7,0,0,0,0,0
875,69,52,61,44,52,4, 0,-,-,0.00,29.59,30.27,8.7,11,9.6,0,0,0,0,0
876,66,56,61,54,57,4, 0,-,-,0.34,29.41,30.11,7.4,14,8.0,1,1,0,0,1
877,68,56,62,58,60,3, 0,-,-,0.41,29.30,29.96,3.8,26,5.8,1,1,0,0,0
878,75,53,64,54,58,1, 0,-,-,0.01,29.33,29.99,5.8,17,6.1,0,1,0,0,0
879,72,57,65,49,56,0, 0,-,-,0.005,29.29,29.94,9.4,24,10.3,0,0,0,0,0
880,63,53,58,47,52,7, 0,-,-,0.00,29.42,30.08,6.5,25,7.2,0,0,0,0,0
881,62,48,55,46,51,10, 0,-,-,0.02,29.38,30.05,4.1,36,6.4,1,0,0,0,0
882,63,51,57,48,52,8, 0,-,-,0.07,29.31,29.98,2.9,4,5.3,1,1,0,0,0
883,65,53,59,53,55,6, 0,-,-,0.23,29.18,29.87,4.7,13,5.8,1,1,0,0,0
884,63,53,58,50,53,7, 0,-,-,0.90,28.98,29.65,8.1,19,12.4,1,1,0,0,0
885,63,54,59,53,55,6, 0,-,-,0.25,29.05,29.70,2.4,5,7.1,1,1,0,0,0
886,64,53,59,54,55,6, 0,-,-,0.15,29.12,29.77,5.7,32,6.7,1,1,0,0,0
887,66,51,59,50,54,6, 0,-,-,0.09,29.03,29.70,11.2,27,12.7,1,1,0,0,1
888,58,47,53,42,47,12, 0,-,-,0.17,29.37,30.00,15.4,34,16.3,1,0,0,0,0
889,56,44,50,40,45,15, 0,-,-,0.005,29.59,30.26,10.7,35,11.2,0,0,0,0,0
890,65,41,53,39,46,12, 0,-,-,0.00,29.54,30.22,4.1,32,4.6,0,0,0,0,0
891,70,45,58,44,50,7, 0,-,-,0.00,29.54,30.20,3.6,2,4.1,0,0,0,0,0
892,74,46,60,47,53,5, 0,-,-,0.00,29.58,30.25,0.7,15,1.7,0,0,0,0,0
893,80,52,66,47,55,0, 1,-,-,0.00,29.55,30.21,1.3,17,2.9,0,0,0,0,0
894,81,56,69,50,58,0, 4,-,-,0.00,29.57,30.22,3.9,15,4.6,0,0,0,0,0
895,84,59,72,51,59,0, 7,-,-,0.00,29.59,30.24,6.4,17,6.8,0,0,0,0,0
896,82,61,72,53,60,0, 7,-,-,0.00,29.62,30.27,6.3,19,6.9,0,0,0,0,0
897,80,56,68,51,58,0, 3,-,-,0.00,29.62,30.28,3.1,10,3.8,0,0,0,0,0
898,77,58,68,49,58,0, 3,-,-,0.00,29.45,30.12,5.9,16,6.4,0,0,0,0,0
899,78,58,68,52,59,0, 3,-,-,0.00,29.29,29.97,3.8,13,4.6,0,0,0,0,0
900,77,57,67,51,58,0, 2,-,-,0.00,29.08,29.76,6.0,14,6.8,0,0,0,0,0
901,64,52,58,55,57,7, 0,-,-,0.49,28.87,29.53,2.8,24,6.0,1,1,0,0,0
902,61,49,55,41,48,10, 0,-,-,0.00,28.97,29.61,15.1,27,15.3,0,0,0,0,0
903,61,47,54,36,46,11, 0,-,-,0.00,29.18,29.81,14.9,26,15.1,0,0,0,0,0
904,60,46,53,39,46,12, 0,-,-,0.12,29.15,29.81,6.7,26,8.1,1,0,0,0,0
905,57,40,49,33,42,16, 0,-,-,0.00,29.18,29.86,11.2,25,11.3,0,0,0,0,0
906,54,40,47,38,43,18, 0,-,-,0.02,29.15,29.83,5.3,36,7.2,1,1,0,0,1
907,49,44,47,41,44,18, 0,-,-,0.84,28.97,29.67,19.6,1,19.9,1,1,0,0,0
908,46,42,44,38,42,21, 0,-,-,0.07,29.05,29.69,14.4,31,14.9,1,0,0,0,0
909,54,37,46,34,41,19, 0,-,-,0.00,29.39,30.04,4.3,28,5.7,0,0,0,0,0
910,66,38,52,37,45,13, 0,-,-,0.00,29.35,30.03,3.7,21,3.9,0,0,0,0,0
911,67,41,54,42,49,11, 0,-,-,0.22,29.25,29.94,5.9,23,6.9,1,0,1,0,0
912,63,45,54,39,47,11, 0,-,-,0.06,29.41,30.05,5.0,27,7.1,1,0,0,0,0
913,74,49,62,45,53,3, 0,-,-,0.13,29.19,29.87,9.0,19,10.8,1,1,1,0,0
914,54,47,51,42,46,14, 0,-,-,0.00,29.24,29.90,13.9,36,14.2,0,1,0,0,0
915,51,38,45,38,42,20, 0,-,-,0.16,29.40,30.05,3.5,1,6.9,1,1,0,0,0
916,54,36,45,32,40,20, 0,-,-,0.00,29.43,30.12,5.2,21,5.7,0,0,0,0,0
917,54,36,45,29,38,20, 0,-,-,0.00,29.40,30.08,3.8,26,4.8,0,0,0,0,0
918,57,37,47,34,42,18, 0,-,-,0.11,29.34,30.03,10.6,19,11.2,1,0,0,0,0
919,53,39,46,35,41,19, 0,-,-,0.00,29.41,30.08,4.4,24,5.1,0,1,0,0,0
920,64,52,58,53,56,7, 0,-,-,0.32,29.24,29.92,5.5,12,6.3,1,1,0,1,0
921,78,60,69,60,64,0, 4,-,-,0.005,29.19,29.83,7.5,20,9.6,0,1,0,0,0
922,86,69,78,64,69,0,13,-,-,0.07,29.23,29.86,12.8,21,13.3,1,1,1,0,0
923,72,51,62,55,58,3, 0,-,-,0.28,29.28,29.93,6.8,2,10.0,1,1,1,1,0
924,63,53,58,54,56,7, 0,-,-,0.00,29.34,30.00,7.4,2,7.7,0,1,0,1,0
925,73,54,64,54,57,1, 0,-,-,0.40,29.27,29.92,3.4,6,7.2,1,1,1,0,0
926,61,54,58,56,57,7, 0,-,-,0.59,29.20,29.86,1.4,5,5.1,1,1,1,0,0
927,70,51,61,45,53,4, 0,-,-,0.01,29.20,29.85,8.4,27,8.9,0,0,0,0,0
928,60,46,53,43,48,12, 0,-,-,0.005,29.26,29.91,3.9,36,7.8,0,0,0,0,0
929,65,45,55,33,46,10, 0,-,-,0.00,29.35,30.00,2.8,4,5.9,0,0,0,0,0
930,78,48,63,38,52,2, 0,-,-,0.00,29.44,30.08,9.3,20,9.8,0,0,0,0,0
931,67,51,59,45,51,6, 0,-,-,0.25,29.57,30.21,5.4,2,8.8,1,0,1,0,0
932,69,53,61,33,48,4, 0,-,-,0.00,29.51,30.18,8.4,2,9.1,0,0,0,0,0
933,78,46,62,36,51,3, 0,-,-,0.00,29.38,30.05,1.8,14,4.5,0,0,0,0,0
934,84,56,70,44,56,0, 5,-,-,0.005,29.24,29.90,9.1,24,11.8,1,0,0,0,0
935,63,52,58,33,46,7, 0,-,-,0.00,29.44,30.08,11.6,4,12.6,0,0,0,0,0
936,71,49,60,40,51,5, 0,-,-,0.00,29.44,30.10,5.3,11,6.1,0,0,0,0,0
937,85,57,71,38,54,0, 6,-,-,0.00,29.36,30.02,7.4,15,8.4,0,0,0,0,0
938,91,64,78,52,62,0,13,-,-,0.00,29.35,29.99,7.3,16,8.6,0,0,0,0,0
939,92,65,79,57,65,0,14,-,-,0.14,29.34,29.97,9.4,21,10.9,1,0,1,0,0
940,65,54,60,44,52,5, 0,-,-,0.00,29.44,30.10,12.5,36,13.6,0,0,0,0,0
941,68,49,59,42,51,6, 0,-,-,0.00,29.34,30.01,5.9,4,7.9,0,0,0,0,0
942,82,49,66,41,54,0, 1,-,-,0.00,29.16,29.84,5.9,16,6.6,0,0,0,0,0
943,90,67,79,52,63,0,14,-,-,0.00,29.04,29.68,15.1,18,15.2,0,0,0,0,0
944,80,67,74,49,59,0, 9,-,-,0.00,29.36,29.96,4.3,5,10.8,0,0,0,0,0
945,82,63,73,54,62,0, 8,-,-,0.00,29.41,30.05,10.4,7,11.3,0,0,0,0,0
946,97,73,85,58,68,0,20,-,-,0.00,29.23,29.88,9.4,18,10.7,0,0,0,0,0
947,94,74,84,60,68,0,19,-,-,0.02,29.10,29.74,14.2,22,14.9,1,0,0,0,0
948,85,64,75,45,59,0,10,-,-,0.005,29.16,29.79,10.2,28,11.5,0,0,0,0,0
949,69,53,61,46,53,4, 0,-,-,0.00,29.28,29.90,5.9,36,10.4,0,0,0,0,0
950,55,49,52,45,48,13, 0,-,-,0.97,29.25,29.94,12.4,3,13.0,1,1,0,0,0
951,64,49,57,44,49,8, 0,-,-,0.03,29.12,29.79,9.0,36,10.8,1,1,0,0,0
952,74,49,62,47,55,3, 0,-,-,0.00,29.10,29.75,11.7,25,12.2,0,0,0,0,0
953,80,56,68,48,58,0, 3,-,-,0.005,29.16,29.80,8.6,27,9.5,0,0,0,0,0
954,74,59,67,47,56,0, 2,-,-,0.00,29.24,29.87,7.9,2,9.1,0,0,0,0,0
955,69,57,63,49,56,2, 0,-,-,0.00,29.35,29.99,9.6,3,10.1,0,0,0,0,0
956,74,56,65,47,56,0, 0,-,-,0.00,29.41,30.06,5.7,3,6.0,0,0,0,0,0
957,78,54,66,45,56,0, 1,-,-,0.00,29.43,30.09,3.3,9,6.0,0,0,0,0,0
958,87,59,73,48,60,0, 8,-,-,0.00,29.33,29.99,6.6,23,7.2,0,0,0,0,0
959,89,66,78,50,62,0,13,-,-,0.00,29.24,29.89,9.4,22,10.4,0,0,0,0,0
960,92,71,82,55,65,0,17,-,-,0.00,29.26,29.89,10.4,18,10.8,0,0,0,0,0
961,90,72,81,63,69,0,16,-,-,0.00,29.18,29.81,9.4,22,11.1,0,0,0,0,0
962,77,62,70,47,57,0, 5,-,-,0.00,29.39,30.01,6.0,34,10.9,0,0,0,0,0
963,71,57,64,45,55,1, 0,-,-,0.00,29.49,30.14,8.3,8,8.4,0,0,0,0,0
964,86,60,73,48,59,0, 8,-,-,0.00,29.41,30.07,7.3,12,8.4,0,0,0,0,0
965,93,67,80,48,61,0,15,-,-,0.00,29.39,30.03,7.4,15,8.6,0,0,0,0,0
966,94,69,82,60,68,0,17,-,-,0.38,29.29,29.94,11.9,19,12.7,1,1,0,0,0
967,85,68,77,59,66,0,12,-,-,0.15,29.19,29.84,5.3,23,7.8,1,1,0,0,0
968,92,72,82,65,71,0,17,-,-,0.00,29.10,29.72,16.9,21,17.3,0,0,0,0,0
969,94,75,85,65,71,0,20,-,-,0.00,29.28,29.88,13.6,20,13.9,0,0,0,0,0
970,93,76,85,62,70,0,20,-,-,0.00,29.29,29.92,14.8,20,15.0,0,0,0,0,0
971,83,70,77,60,67,0,12,-,-,0.03,29.26,29.89,7.2,26,9.4,0,0,0,0,0
972,83,63,73,52,62,0, 8,-,-,0.00,29.32,29.95,1.7,5,5.4,0,0,0,0,0
973,86,63,75,55,63,0,10,-,-,0.00,29.34,29.98,3.0,8,4.8,0,0,0,0,0
974,92,70,81,58,66,0,16,-,-,0.00,29.29,29.93,1.7,3,8.2,0,0,0,0,0
975,74,63,69,48,58,0, 4,-,-,0.00,29.40,30.04,15.4,3,15.7,0,0,0,0,0
976,81,63,72,51,60,0, 7,-,-,0.00,29.33,29.99,5.6,9,6.7,0,0,0,0,0
977,90,64,77,51,63,0,12,-,-,0.00,29.21,29.86,11.3,20,11.6,0,0,0,0,0
978,101,77,89,68,74,0,24,-,-,0.16,29.14,29.76,8.4,25,11.2,1,0,1,0,0
979,88,70,79,62,69,0,14,-,-,0.28,29.21,29.81,1.8,35,8.3,1,1,1,1,0
980,89,70,80,68,72,0,15,-,-,0.005,29.17,29.80,6.9,23,7.4,0,0,0,0,0
981,90,66,78,68,72,0,13,-,-,0.56,29.29,29.91,2.8,22,5.6,1,0,1,0,0
982,97,74,86,69,74,0,21,-,-,0.00,29.28,29.91,5.8,23,6.3,0,0,0,0,0
983,95,77,86,67,73,0,21,-,-,0.00,29.20,29.83,9.7,23,10.1,0,0,0,0,0
984,101,80,91,68,75,0,26,-,-,0.00,29.21,29.83,8.2,25,8.9,0,0,0,0,0
985,102,79,91,68,75,0,26,-,-,0.005,29.25,29.86,4.1,26,7.0,1,0,0,0,0
986,104,83,94,71,77,0,29,-,-,0.00,29.27,29.89,4.9,28,6.9,0,0,0,0,0
987,98,74,86,68,73,0,21,-,-,0.00,29.32,29.93,7.6,1,10.8,0,0,0,0,0
988,85,74,80,56,65,0,15,-,-,0.00,29.39,30.01,12.7,3,13.1,0,0,0,0,0
989,88,68,78,59,66,0,13,-,-,0.00,29.38,30.01,4.9,6,6.9,0,0,0,0,0
990,82,71,77,56,64,0,12,-,-,0.00,29.44,30.07,10.8,4,11.1,0,0,0,0,0
991,86,69,78,57,65,0,13,-,-,0.00,29.44,30.08,7.3,8,8.8,0,0,0,0,0
992,90,71,81,53,64,0,16,-,-,0.00,29.41,30.04,8.1,11,9.4,0,0,0,0,0
993,93,73,83,63,69,0,18,-,-,0.005,29.37,30.01,3.2,13,6.6,1,0,1,0,0
994,89,71,80,66,70,0,15,-,-,0.005,29.36,30.00,1.1,22,4.9,0,0,0,1,0
995,95,70,83,66,72,0,18,-,-,0.00,29.35,29.99,2.1,21,6.8,0,0,0,0,0
996,98,77,88,65,73,0,23,-,-,0.00,29.25,29.89,8.6,23,9.2,0,0,0,0,0
997,99,80,90,66,74,0,25,-,-,0.00,29.18,29.80,8.9,25,9.4,0,0,0,0,0
998,91,71,81,71,74,0,16,-,-,0.55,29.24,29.86,5.3,2,9.2,1,1,1,0,0
999,85,70,78,70,72,0,13,-,-,0.89,29.24,29.87,4.0,5,9.6,1,0,1,0,0
1000,82,69,76,61,66,0,11,-,-,0.005,29.39,30.02,10.4,4,11.1,0,0,0,0,1
1001,89,69,79,63,69,0,14,-,-,0.00,29.39,30.03,3.4,26,4.3,0,0,0,0,0
1002,90,75,83,65,71,0,18,-,-,0.01,29.38,30.02,5.9,20,6.5,0,0,0,0,0
1003,98,81,90,67,74,0,25,-,-,0.01,29.26,29.89,10.0,24,10.8,0,0,0,0,0
1004,88,71,80,66,71,0,15,-,-,0.37,29.31,29.92,5.6,4,7.4,1,1,1,0,0
1005,101,74,88,67,73,0,23,-,-,0.00,29.05,29.71,9.3,20,12.0,0,0,0,0,0
1006,89,72,81,69,73,0,16,-,-,0.07,29.06,29.68,6.0,24,8.8,0,0,0,0,0
1007,87,70,79,64,69,0,14,-,-,0.01,29.22,29.82,4.7,31,8.9,0,0,0,0,0
1008,83,71,77,60,66,0,12,-,-,0.00,29.43,30.05,7.1,5,8.8,0,0,0,0,0
1009,88,68,78,58,66,0,13,-,-,0.00,29.36,30.01,4.6,14,6.1,0,0,0,0,0
1010,93,74,84,61,69,0,19,-,-,0.00,29.24,29.89,6.3,20,7.4,0,0,0,0,0
1011,86,71,79,65,70,0,14,-,-,0.17,29.26,29.89,4.0,4,8.0,1,0,1,0,0
1012,89,71,80,63,69,0,15,-,-,0.00,29.24,29.89,3.6,12,4.8,0,0,0,0,0
1013,93,71,82,61,69,0,17,-,-,0.00,29.19,29.83,3.3,14,6.8,0,0,0,0,0
1014,94,74,84,65,72,0,19,-,-,0.00,29.21,29.84,4.7,10,5.9,0,0,0,0,0
1015,95,72,84,68,72,0,19,-,-,1.02,29.21,29.83,4.8,19,6.9,1,1,1,0,0
1016,85,70,78,59,66,0,13,-,-,0.00,29.41,30.02,5.8,30,8.3,0,0,0,0,0
1017,86,67,77,56,64,0,12,-,-,0.00,29.41,30.05,3.1,23,4.6,0,0,0,0,0
1018,94,67,81,59,67,0,16,-,-,0.00,29.27,29.92,6.0,25,7.3,0,0,0,0,0
1019,84,75,80,62,68,0,15,-,-,0.01,29.29,29.93,8.1,6,8.6,1,0,0,0,0
1020,77,66,72,62,66,0, 7,-,-,0.005,29.21,29.85,7.0,4,9.2,1,0,1,0,0
1021,76,62,69,55,61,0, 4,-,-,0.40,29.24,29.88,13.6,35,14.4,1,1,1,0,0
1022,79,58,69,52,59,0, 4,-,-,0.00,29.31,29.95,5.8,35,8.0,0,0,0,0,0
1023,77,61,69,53,61,0, 4,-,-,0.00,29.33,29.98,3.7,22,4.7,0,0,0,0,0
1024,72,63,68,61,63,0, 3,-,-,0.34,29.29,29.95,0.7,16,2.1,1,1,0,0,0
1025,82,59,71,60,64,0, 6,-,-,0.01,29.26,29.90,0.8,11,4.3,0,1,0,0,0
1026,86,67,77,59,66,0,12,-,-,0.005,29.25,29.89,5.2,22,6.3,0,0,0,0,0
1027,76,64,70,61,65,0, 5,-,-,0.31,29.20,29.83,7.3,22,9.5,1,1,1,0,0
1028,77,59,68,52,59,0, 3,-,-,0.00,29.33,29.97,3.3,34,6.4,0,0,0,0,0
1029,78,57,68,47,57,0, 3,-,-,0.00,29.31,29.97,3.2,15,5.0,0,0,0,0,0
1030,79,61,70,49,59,0, 5,-,-,0.00,29.28,29.92,1.9,11,4.2,0,0,0,0,0
1031,76,60,68,54,60,0, 3,-,-,0.53,29.31,29.95,2.3,8,4.0,1,0,1,0,0
1032,79,58,69,51,59,0, 4,-,-,0.00,29.41,30.05,2.1,9,4.6,0,0,0,0,0
1033,84,72,,51,61,,,-,-,0.00,29.39,,4.7,19,,0,0,0,0,0
1034,91,69,80,54,64,0,15,-,-,0.00,29.39,30.03,7.0,18,7.3,0,0,0,0,0
1035,93,71,82,56,66,0,17,-,-,0.00,29.34,29.98,7.0,18,7.9,0,0,0,0,0
1036,94,71,83,56,66,0,18,-,-,0.00,29.36,29.99,7.5,19,8.2,0,0,0,0,0
1037,81,68,75,65,68,0,10,-,-,3.66,29.35,29.99,4.1,18,7.5,1,1,0,0,1
1038,88,69,79,62,67,0,14,-,-,0.00,29.38,30.01,3.0,4,6.0,0,1,0,1,0
1039,85,65,75,60,66,0,10,-,-,0.00,29.42,30.06,4.1,7,5.7,0,0,0,0,0
1040,84,70,77,58,65,0,12,-,-,0.00,29.39,30.03,5.0,11,5.3,0,0,0,0,0
1041,91,69,80,57,66,0,15,-,-,0.00,29.34,29.98,8.9,20,9.5,0,0,0,0,0
1042,93,72,83,64,70,0,18,-,-,0.00,29.38,30.00,6.4,23,10.1,0,0,0,0,0
1043,78,73,76,68,71,0,11,-,-,0.25,29.34,29.98,10.0,6,10.4,1,1,0,0,0
1044,81,75,78,69,72,0,13,-,-,0.00,29.23,29.88,11.4,6,12.1,0,0,0,0,0
1045,87,73,80,69,73,0,15,-,-,0.00,29.23,29.87,5.0,7,5.9,0,0,0,0,0
1046,89,68,79,68,72,0,14,-,-,0.33,29.22,29.84,2.4,8,6.5,1,0,1,0,0
1047,86,66,76,64,68,0,11,-,-,0.17,29.16,29.79,3.9,23,6.4,0,0,0,0,0
1048,86,70,78,61,67,0,13,-,-,0.00,29.24,29.87,1.8,3,5.6,0,0,0,0,0
1049,78,61,70,59,63,0, 5,-,-,0.20,29.16,29.80,3.6,34,8.8,1,1,0,0,0
1050,73,56,65,49,56,0, 0,-,-,0.23,29.20,29.85,8.2,30,10.6,1,0,0,0,0
1051,72,56,64,51,57,1, 0,-,-,0.00,29.40,30.02,8.7,35,9.5,0,0,0,0,0
1052,77,54,66,47,56,0, 1,-,-,0.00,29.49,30.13,4.6,17,4.9,0,0,0,0,0
1053,84,59,72,51,60,0, 7,-,-,0.00,29.44,30.09,9.9,20,10.3,0,0,0,0,0
1054,87,63,75,54,62,0,10,-,-,0.00,29.47,30.11,9.3,21,9.6,0,0,0,0,0
1055,72,56,64,55,59,1, 0,-,-,0.13,29.59,30.23,7.8,35,9.9,1,1,0,0,1
1056,75,54,65,45,55,0, 0,-,-,0.005,29.63,30.29,4.1,29,5.8,0,0,0,0,0
1057,79,55,67,44,55,0, 2,-,-,0.00,29.54,30.21,1.9,15,3.5,0,0,0,0,0
1058,78,56,67,46,56,0, 2,-,-,0.00,29.37,30.04,4.9,21,5.5,0,0,0,0,0
1059,79,59,69,55,60,0, 4,-,-,0.17,29.17,29.84,5.0,25,9.0,1,0,0,0,0
1060,64,50,57,37,47,8, 0,-,-,0.00,29.28,29.92,11.2,32,11.6,0,0,0,0,0
1061,74,47,61,39,50,4, 0,-,-,0.00,29.27,29.94,14.0,20,14.2,0,0,0,0,0
1062,72,56,64,38,51,1, 0,-,-,0.00,29.24,29.89,8.0,27,9.0,0,0,0,0,0
1063,61,52,57,45,51,8, 0,-,-,0.13,29.20,29.87,1.6,30,6.6,1,1,0,0,0
1064,60,47,54,39,46,11, 0,-,-,0.01,29.36,30.00,10.0,29,11.0,1,0,0,0,0
1065,62,43,53,35,44,12, 0,-,-,0.00,29.55,30.22,4.4,28,6.2,0,0,0,0,0
1066,71,42,57,33,46,8, 0,-,-,0.00,29.36,30.06,10.9,22,11.2,0,0,0,0,0
1067,77,54,66,51,57,0, 1,-,-,0.00,29.20,29.87,7.6,20,7.9,0,1,0,0,0
1068,69,57,63,50,56,2, 0,-,-,0.00,29.39,30.02,9.4,2,10.1,0,1,0,1,0
1069,68,49,59,46,52,6, 0,-,-,0.00,29.49,30.15,7.3,35,7.8,0,0,0,0,0
1070,67,52,60,48,53,5, 0,-,-,0.00,29.47,30.13,7.1,36,8.3,0,0,0,0,0
1071,79,49,64,46,53,1, 0,-,-,0.00,29.36,30.03,1.9,36,5.5,0,0,0,0,0
1072,67,52,60,46,52,5, 0,-,-,0.00,29.28,29.96,7.1,3,8.9,0,0,0,0,0
1073,66,50,58,45,52,7, 0,-,-,0.00,29.20,29.87,4.3,4,4.9,0,0,0,0,0
1074,69,59,64,49,56,1, 0,-,-,0.00,29.20,29.85,11.3,3,11.7,0,0,0,0,0
1075,69,61,65,57,60,0, 0,-,-,0.03,29.30,29.94,4.2,20,7.0,1,1,0,1,1
1076,81,51,66,51,56,0, 1,-,-,0.10,29.39,30.03,11.6,23,13.2,1,0,0,0,0
1077,51,42,47,31,40,18, 0,-,-,0.005,29.43,30.11,9.8,27,10.6,1,0,0,0,0
1078,50,35,43,27,37,22, 0,-,-,0.00,29.48,30.15,8.2,29,8.6,0,0,0,0,0
1079,51,38,45,24,36,20, 0,-,-,0.00,29.49,30.17,5.3,28,6.9,0,0,0,0,0
1080,60,36,48,27,40,17, 0,-,-,0.00,29.41,30.10,10.8,21,11.0,0,0,0,0,0
1081,67,43,55,36,45,10, 0,-,-,0.18,29.23,29.92,11.8,21,14.3,1,1,0,0,0
1082,52,38,45,30,39,20, 0,-,-,0.00,29.44,30.10,9.9,28,11.2,0,0,0,0,0
1083,67,39,53,33,44,12, 0,-,-,0.005,29.47,30.13,7.7,22,12.7,1,0,0,0,1
1084,53,41,47,30,40,18, 0,-,-,0.005,29.68,30.36,6.0,5,9.7,0,0,0,0,1
1085,68,47,58,50,54,7, 0,-,-,0.48,29.26,29.97,10.5,19,11.2,1,1,0,1,0
1086,72,49,61,54,57,4, 0,-,-,0.54,28.97,29.63,11.4,23,15.3,1,1,1,0,0
1087,60,46,53,40,46,12, 0,-,-,0.00,29.26,29.91,4.5,30,8.5,0,0,0,0,0
1088,70,44,57,43,51,8, 0,-,-,0.00,29.05,29.74,12.3,17,12.6,0,0,0,0,0
1089,69,55,62,51,55,3, 0,-,-,0.43,28.79,29.46,13.5,19,15.0,1,1,0,0,0
1090,55,45,50,40,45,15, 0,-,-,0.13,28.79,29.45,13.2,22,14.5,1,0,0,0,1
1091,53,44,49,42,45,16, 0,-,-,0.15,28.89,29.53,4.4,24,6.6,1,0,0,0,1
1092,58,41,50,40,44,15, 0,-,-,0.00,29.18,29.82,6.6,24,7.0,0,0,0,0,0
1093,70,42,56,44,50,9, 0,-,-,0.00,29.33,29.98,5.1,15,5.5,0,0,0,0,0
1094,67,56,62,55,58,3, 0,-,-,0.28,29.24,29.92,5.5,18,6.8,1,1,0,0,0
1095,69,59,64,59,61,1, 0,-,-,0.03,29.24,29.90,4.4,17,5.7,1,1,0,1,0
1096,79,61,70,60,64,0, 5,-,-,0.00,29.23,29.88,10.4,19,10.6,0,0,0,0,0
1097,77,45,61,55,59,4, 0,-,-,0.45,29.19,29.81,11.7,22,16.3,1,0,0,0,0
1098,51,38,45,30,39,20, 0,-,-,0.00,29.60,30.26,9.1,34,10.1,0,0,0,0,0
1099,48,36,42,28,37,23, 0,-,-,0.00,29.60,30.28,10.4,36,11.1,0,0,0,0,0
1100,50,40,45,31,39,20, 0,-,-,0.005,29.58,30.27,13.7,1,14.9,1,0,0,0,1
1101,51,38,45,30,38,20, 0,-,-,0.00,29.49,30.20,15.9,35,16.3,0,0,0,0,0
1102,47,40,44,26,37,21, 0,-,-,0.00,29.15,29.86,19.3,34,19.5,0,0,0,0,0
1103,49,35,42,26,35,23, 0,-,-,0.00,29.16,29.84,12.1,32,12.4,0,0,0,0,0
1104,85,63,74,52,62,0, 9,-,-,0.00,29.43,30.06,7.7,18,8.0,0,0,0,0,0
1105,71,42,,39,45,,,-,-,0.00,29.51,30.17,15.8,2,16.1,0,0,0,0,0
1106,50,40,45,41,44,20, 0,-,-,0.02,29.34,30.03,11.0,2,11.2,1,0,0,0,0
1107,72,49,61,44,51,4, 0,-,-,0.005,29.32,29.99,6.0,6,7.6,0,0,0,0,0
1108,70,49,60,41,50,5, 0,-,-,0.00,29.34,30.00,8.0,2,8.6,0,0,0,0,0
1109,70,51,61,37,49,4, 0,-,-,0.00,29.34,30.00,7.0,2,7.5,0,0,0,0,0
1110,76,49,63,39,51,2, 0,-,-,0.00,29.35,30.01,5.1,5,6.3,0,0,0,0,0
1111,77,46,62,42,53,3, 0,-,-,0.00,29.33,29.99,4.0,9,4.4,0,0,0,0,0
1112,76,50,63,49,56,2, 0,-,-,0.63,29.23,29.90,0.7,20,5.5,1,1,0,0,1
1113,50,44,47,41,44,18, 0,-,-,0.04,29.25,29.91,10.5,35,10.8,0,1,0,1,1
1114,62,44,53,36,45,12, 0,-,-,0.00,29.28,29.94,8.7,28,11.1,0,1,0,1,0
1115,55,38,47,28,39,18, 0,-,-,0.00,29.42,30.10,5.5,32,9.6,0,0,0,0,0
1116,61,38,50,31,43,15, 0,-,-,0.00,29.42,30.11,3.1,8,6.3,0,0,0,0,0
1117,90,57,74,47,58,0, 9,-,-,0.00,29.07,29.76,8.9,21,11.5,0,0,0,0,0
1118,83,62,73,47,58,0, 8,-,-,0.005,29.14,29.76,2.3,24,9.5,0,0,0,0,0
1119,81,57,69,44,56,0, 4,-,-,0.00,29.26,29.89,4.0,7,5.3,0,0,0,0,0
1120,73,58,66,47,55,0, 1,-,-,0.005,29.36,29.99,4.5,6,6.1,0,0,0,0,0
1121,79,59,69,55,61,0, 4,-,-,0.00,29.33,29.99,6.3,10,7.0,0,1,0,1,0
1122,87,62,75,60,66,0,10,-,-,0.00,29.18,29.85,7.1,15,8.1,0,0,0,1,0
1123,92,65,79,59,67,0,14,-,-,1.25,29.10,29.73,13.6,20,14.4,1,1,1,0,0
1124,82,65,74,62,66,0, 9,-,-,0.20,29.03,29.68,12.4,20,12.8,1,0,1,0,0
1125,73,56,65,59,62,0, 0,-,-,0.65,29.03,29.66,6.4,23,9.3,1,1,0,0,0
1126,56,43,50,40,45,15, 0,-,-,0.12,29.44,30.05,17.9,36,18.1,1,1,0,0,0
1127,57,42,50,33,42,15, 0,-,-,0.00,29.70,30.36,8.1,3,9.0,0,0,0,0,0
1128,57,46,52,36,44,13, 0,-,-,0.00,29.67,30.35,3.3,6,3.7,0,0,0,0,0
1129,67,46,57,43,50,8, 0,-,-,0.005,29.54,30.23,4.0,9,5.7,1,0,0,0,0
1130,65,56,61,54,57,4, 0,-,-,0.19,29.28,29.97,7.5,10,8.3,1,1,1,0,0
1131,76,59,68,63,65,0, 3,-,-,2.20,29.13,29.79,9.5,19,10.3,1,1,1,0,0
1132,85,65,75,62,67,0,10,-,-,0.02,29.23,29.88,7.9,20,9.2,1,0,0,0,0
1133,84,65,75,64,68,0,10,-,-,0.09,29.22,29.85,12.9,18,13.9,1,0,0,0,0
1134,78,65,72,64,67,0, 7,-,-,0.23,29.13,29.79,12.4,19,12.7,1,1,1,0,0
1135,76,63,70,61,64,0, 5,-,-,0.44,29.05,29.69,11.9,21,11.9,0,0,0,0,0
1136,63,47,55,48,51,10, 0,-,-,0.01,29.31,29.93,2.8,4,7.7,0,1,0,1,1
1137,68,43,56,40,49,9, 0,-,-,0.00,29.41,30.07,2.6,9,4.0,0,0,0,0,0
1138,72,50,61,44,52,4, 0,-,-,0.00,29.46,30.12,5.6,7,6.9,0,0,0,0,0
1139,76,56,66,46,55,0, 1,-,-,0.005,29.33,29.99,6.1,6,8.3,1,0,0,0,0
1140,65,54,60,48,53,5, 0,-,-,0.06,29.23,29.90,9.0,3,9.6,1,0,0,0,0
1141,68,54,61,44,52,4, 0,-,-,0.00,29.26,29.92,8.8,2,9.2,0,0,0,0,0
1142,74,50,62,42,53,3, 0,-,-,0.00,29.31,29.96,4.7,6,5.6,0,0,0,0,0
1143,83,58,71,53,61,0, 6,-,-,0.01,29.22,29.88,7.1,15,8.4,1,0,0,0,0
1144,75,61,68,61,64,0, 3,-,-,0.85,29.14,29.78,2.0,7,4.4,1,1,0,1,0
1145,84,60,72,61,66,0, 7,-,-,0.24,29.21,29.85,2.5,23,4.1,1,1,0,0,0
1146,87,64,76,64,67,0,11,-,-,0.25,29.08,29.74,2.9,5,5.8,1,1,1,1,0
1147,72,59,66,53,59,0, 1,-,-,0.00,29.29,29.91,12.6,1,13.2,0,1,0,0,0
1148,76,57,67,50,57,0, 2,-,-,0.00,29.40,30.04,6.0,5,7.8,0,0,0,0,0
1149,81,61,71,60,64,0, 6,-,-,0.12,29.28,29.95,5.6,21,7.2,1,0,1,0,0
1150,83,69,76,62,67,0,11,-,-,0.00,29.23,29.87,8.6,24,9.5,0,0,0,0,0
1151,88,62,75,56,64,0,10,-,-,0.10,29.24,29.88,3.7,28,8.4,1,0,1,0,0
1152,70,57,64,52,57,1, 0,-,-,0.01,29.36,30.00,12.1,2,12.4,1,1,0,1,0
1153,75,57,66,46,56,0, 1,-,-,0.00,29.44,30.09,6.4,7,7.2,0,0,0,0,0
1154,86,62,74,57,64,0, 9,-,-,0.00,29.45,30.10,6.0,11,7.2,0,0,0,0,0
1155,85,70,78,63,67,0,13,-,-,0.11,29.39,30.04,7.6,19,9.6,1,0,1,0,0
1156,83,70,77,65,69,0,12,-,-,0.00,29.37,30.00,4.8,20,7.8,0,0,0,0,0
1157,89,69,79,66,70,0,14,-,-,0.005,29.34,29.97,9.3,20,9.5,1,0,1,0,0
1158,86,68,77,65,69,0,12,-,-,0.14,29.30,29.96,10.5,21,11.0,0,0,0,1,0
1159,87,70,79,67,71,0,14,-,-,0.005,29.21,29.85,5.2,21,8.6,1,0,0,0,0
1160,81,68,75,65,68,0,10,-,-,0.19,29.11,29.75,2.6,18,9.0,1,0,1,0,0
1161,91,66,79,65,69,0,14,-,-,0.59,29.08,29.71,6.1,29,6.8,0,1,0,1,0
1162,83,68,76,60,65,0,11,-,-,0.16,28.97,29.62,9.0,29,9.8,1,0,0,0,0
1163,72,64,68,59,62,0, 3,-,-,0.005,29.03,29.65,11.7,1,12.0,1,0,0,0,0
1164,76,64,70,52,60,0, 5,-,-,0.00,29.25,29.86,14.0,1,14.2,0,0,0,0,0
1165,75,61,68,50,58,0, 3,-,-,0.00,29.37,30.01,13.8,3,13.6,0,0,0,0,0
1166,68,62,65,53,58,0, 0,-,-,0.005,29.39,30.04,12.0,3,12.3,1,0,0,0,0
1167,74,62,68,60,62,0, 3,-,-,0.07,29.38,30.03,0.5,36,4.2,1,0,1,0,0
1168,83,61,72,59,65,0, 7,-,-,0.00,29.41,30.05,7.3,19,7.7,0,1,0,1,0
1169,87,63,75,60,66,0,10,-,-,0.00,29.39,30.03,5.1,20,5.9,0,0,0,0,0
1170,82,71,77,63,68,0,12,-,-,0.00,29.36,30.00,5.4,19,5.9,0,0,0,0,0
1171,89,70,80,66,71,0,15,-,-,0.00,29.33,29.96,8.0,21,8.2,0,0,0,0,0
1172,87,71,79,70,72,0,14,-,-,0.84,29.31,29.95,10.0,22,10.5,1,1,0,0,0
1173,85,75,80,72,75,0,15,-,-,0.01,29.26,29.91,8.9,23,9.3,1,1,0,1,0
1174,87,66,77,65,69,0,12,-,-,0.00,29.26,29.88,3.7,3,8.0,0,0,0,0,0
1175,80,63,72,52,61,0, 7,-,-,0.00,29.42,30.05,6.3,3,7.5,0,0,0,0,0
1176,82,60,71,54,62,0, 6,-,-,0.00,29.44,30.09,4.1,8,5.4,0,0,0,0,0
1177,83,67,75,58,65,0,10,-,-,0.00,29.47,30.11,6.4,9,7.1,0,0,0,0,0
1178,88,73,81,66,70,0,16,-,-,0.00,29.52,30.16,8.2,8,8.5,0,0,0,0,0
1179,91,75,83,71,74,0,18,-,-,0.02,29.57,30.21,5.0,8,6.2,0,0,0,0,0
1180,93,77,85,70,75,0,20,-,-,0.01,29.61,30.24,6.8,22,7.3,0,0,0,0,0
1181,95,77,86,70,75,0,21,-,-,0.00,29.57,30.21,6.2,25,7.1,0,0,0,0,0
1182,96,79,88,71,76,0,23,-,-,0.00,29.38,30.04,8.8,23,9.4,0,0,1,0,0
1183,97,75,86,69,75,0,21,-,-,0.005,29.17,29.82,13.4,24,13.9,0,0,1,0,0
1184,88,72,80,63,69,0,15,-,-,0.01,29.23,29.85,3.8,3,7.2,1,0,0,0,0
1185,89,72,81,63,69,0,16,-,-,0.00,29.24,29.88,2.9,11,7.9,0,0,0,0,0
1186,90,72,81,64,70,0,16,-,-,0.005,29.14,29.77,5.2,21,7.4,1,0,1,0,0
1187,80,65,73,58,64,0, 8,-,-,0.00,29.21,29.81,7.3,1,11.4,0,0,0,0,0
1188,73,62,68,48,57,0, 3,-,-,0.00,29.38,30.01,10.1,5,10.5,0,0,0,0,0
1189,81,58,70,52,60,0, 5,-,-,0.00,29.39,30.05,2.7,23,3.9,0,0,0,0,0
1190,74,65,70,58,62,0, 5,-,-,0.01,29.28,29.94,9.3,21,10.2,1,0,0,0,0
1191,68,57,63,49,55,2, 0,-,-,0.00,29.23,29.89,10.3,30,11.3,0,0,0,0,0
1192,71,55,63,47,54,2, 0,-,-,0.005,29.30,29.94,9.5,26,9.8,1,0,0,0,0
1193,76,58,67,53,59,0, 2,-,-,0.00,29.47,30.10,2.3,2,7.7,0,0,0,0,0
1194,74,61,68,56,61,0, 3,-,-,0.005,29.46,30.12,5.5,16,6.0,1,0,0,0,0
1195,75,64,70,63,65,0, 5,-,-,0.18,29.33,29.99,2.5,30,4.2,1,1,0,1,1
1196,82,61,72,54,62,0, 7,-,-,0.00,29.29,29.95,6.2,29,7.1,0,0,0,0,0
1197,86,65,76,62,66,0,11,-,-,0.41,29.23,29.87,2.7,23,7.7,1,0,0,0,0
1198,79,66,73,54,62,0, 8,-,-,0.00,29.39,30.02,6.9,4,8.4,0,0,0,0,0
1199,74,60,67,55,61,0, 2,-,-,0.005,29.49,30.13,6.1,7,6.9,1,0,0,0,0
1200,76,63,70,56,61,0, 5,-,-,0.02,29.29,29.98,7.1,18,7.9,0,0,0,0,0
1201,85,68,77,65,69,0,12,-,-,0.00,29.21,29.85,8.7,21,9.4,0,0,0,0,0
1202,91,70,81,67,71,0,16,-,-,0.01,29.20,29.82,2.4,30,10.5,0,1,0,0,0
1203,79,69,74,55,62,0, 9,-,-,0.00,29.33,29.96,10.5,5,10.8,0,0,0,0,0
1204,84,62,73,58,65,0, 8,-,-,0.00,29.34,29.97,4.9,27,5.6,0,0,0,0,0
1205,81,68,75,55,63,0,10,-,-,0.00,,30.07,6.0,6,7.4,0,0,0,0,0
1206,84,63,74,57,64,0, 9,-,-,0.005,29.42,30.06,4.0,24,5.4,0,0,0,0,0
1207,85,69,77,63,,0,12,-,-,0.66,29.27,29.92,4.5,26,7.7,1,0,0,0,0
1208,71,62,67,50,57,0, 2,-,-,0.00,29.42,30.06,11.2,2,11.9,0,0,0,0,0
1209,71,58,65,49,56,0, 0,-,-,0.00,29.52,30.16,3.0,3,7.0,0,0,0,0,0
1210,74,57,66,50,58,0, 1,-,-,0.00,29.47,30.13,4.5,22,5.0,0,0,0,0,0
1211,82,58,70,51,60,0, 5,-,-,0.00,29.50,30.14,5.0,7,5.8,0,0,0,0,0
1212,79,60,70,55,62,0, 5,-,-,0.00,29.53,30.18,6.0,7,6.3,0,0,0,0,0
1213,81,62,72,57,64,0, 7,-,-,0.00,29.48,30.13,4.2,8,4.8,0,0,0,0,0
1214,86,63,75,58,65,0,10,-,-,0.00,29.41,30.06,3.8,25,4.6,0,0,0,1,0
1215,88,68,78,61,67,0,13,-,-,0.00,29.41,30.05,7.0,21,7.5,0,0,0,0,0
1216,91,70,81,64,70,0,16,-,-,0.05,29.37,30.02,9.0,22,9.3,1,0,0,0,0
1217,78,67,73,66,68,0, 8,-,-,0.36,29.42,30.05,2.5,24,7.0,1,0,0,0,0
1218,81,64,73,55,63,0, 8,-,-,0.00,29.49,30.13,7.2,6,8.0,0,1,0,0,0
1219,86,64,75,56,64,0,10,-,-,0.00,29.55,30.20,4.6,16,5.9,0,0,0,0,0
1220,89,68,79,60,67,0,14,-,-,0.00,29.52,30.17,9.6,21,10.1,0,0,0,0,0
1221,92,70,81,66,71,0,16,-,-,0.00,29.41,30.06,9.2,23,9.5,0,0,0,0,0
1222,96,77,87,68,74,0,22,-,-,0.00,29.24,29.89,12.5,24,12.7,0,0,0,0,0
1223,83,71,77,67,71,0,12,-,-,0.00,29.32,29.94,5.8,36,8.7,0,1,0,0,0
1224,87,69,78,65,69,0,13,-,-,0.00,29.36,30.00,4.2,10,4.6,0,1,0,1,0
1225,96,69,83,67,71,0,18,-,-,0.47,29.21,29.85,5.3,24,7.8,1,0,1,0,0
1226,77,70,74,66,68,0, 9,-,-,0.96,29.16,29.81,5.8,4,7.0,1,1,1,0,0
1227,84,68,76,66,69,0,11,-,-,0.02,29.11,29.75,3.9,27,5.8,0,0,0,0,0
1228,77,62,70,60,64,0, 5,-,-,0.00,29.27,29.89,7.5,2,8.7,0,0,0,0,0
1229,76,58,67,54,60,0, 2,-,-,0.00,29.39,30.02,1.5,34,4.6,0,0,0,0,0
1230,84,59,72,55,62,0, 7,-,-,0.00,29.44,30.08,6.4,25,6.8,0,0,0,0,0
1231,74,65,70,53,60,0, 5,-,-,0.00,29.55,30.19,9.2,6,9.9,0,0,0,0,0
1232,85,62,74,55,63,0, 9,-,-,0.00,29.44,30.11,4.3,17,6.0,0,0,0,0,0
1233,87,68,78,61,67,0,13,-,-,0.00,29.28,29.94,5.8,23,7.7,0,0,0,0,0
1234,78,71,75,65,68,0,10,-,-,0.00,29.33,29.96,10.1,7,12.0,0,0,0,0,0
1235,94,69,82,68,73,0,17,-,-,0.00,29.22,29.86,8.5,20,9.2,0,0,0,1,0
1236,96,78,87,63,71,0,22,-,-,0.00,29.32,29.94,12.2,24,12.5,0,0,0,0,0
1237,92,75,84,66,71,0,19,-,-,0.005,29.34,29.97,5.1,25,6.9,0,0,0,0,0
1238,83,63,73,58,64,0, 8,-,-,0.06,29.34,29.97,6.8,34,9.8,0,0,0,0,0
1239,67,54,61,45,53,4, 0,-,-,0.005,29.47,30.12,12.8,1,13.5,0,0,0,0,0
1240,72,51,62,41,52,3, 0,-,-,0.00,29.44,30.11,5.3,19,6.3,0,0,0,0,0
1241,62,58,60,51,55,5, 0,-,-,0.24,29.41,30.06,0.4,19,5.1,1,1,0,0,1
1242,64,55,60,47,53,5, 0,-,-,0.005,29.65,30.29,11.4,3,12.8,0,0,0,0,0
1243,70,53,62,49,55,3, 0,-,-,0.005,29.55,30.23,7.2,12,8.2,0,0,0,0,0
1244,82,62,72,58,62,0, 7,-,-,0.51,29.35,30.02,6.7,17,9.1,0,0,1,1,0
1245,84,70,77,66,69,0,12,-,-,0.005,29.21,29.87,7.8,16,10.0,1,1,0,1,0
1246,77,59,68,59,63,0, 3,-,-,0.02,29.15,29.80,10.3,26,11.2,0,0,0,0,0
1247,67,51,59,46,53,6, 0,-,-,0.00,29.23,29.87,9.0,33,9.5,0,0,0,0,0
1248,67,49,58,45,51,7, 0,-,-,0.00,29.36,30.01,4.8,5,6.8,0,0,0,0,0
1249,67,50,59,45,52,6, 0,-,-,0.00,29.41,30.06,6.8,11,7.6,0,0,0,0,0
1250,91,52,,48,54,,,-,-,0.00,29.33,30.00,5.8,9,7.7,0,0,0,0,0
1251,71,56,64,51,56,1, 0,-,-,0.00,29.29,29.95,5.9,6,6.6,0,0,0,0,0
1252,75,55,65,52,58,0, 0,-,-,0.00,29.40,30.04,4.1,9,4.6,0,0,0,0,0
1253,80,57,69,48,57,0, 4,-,-,0.00,29.44,30.09,6.6,12,7.3,0,0,0,0,0
1254,85,58,72,54,61,0, 7,-,-,0.02,29.31,29.98,10.2,18,11.3,1,1,0,0,0
1255,84,53,,48,54,,,-,-,0.22,29.36,30.01,6.3,36,7.8,1,1,0,0,0
1256,76,50,63,47,55,2, 0,-,-,0.00,29.28,29.93,4.2,19,4.9,0,0,0,0,0
1257,79,62,71,61,64,0, 6,-,-,0.00,29.28,29.92,11.9,21,11.5,0,1,0,1,0
1258,77,64,71,50,59,0, 6,-,-,0.00,29.37,30.02,5.2,7,7.3,0,1,0,1,0
1259,78,64,71,65,67,0, 6,-,-,0.80,29.26,29.91,7.1,19,7.7,1,1,0,1,1
1260,76,66,71,64,66,0, 6,-,-,0.00,29.29,29.94,2.0,16,6.0,0,1,0,1,0
1261,81,65,73,66,68,0, 8,-,-,0.68,29.18,29.83,6.7,19,8.1,0,1,0,1,0
1262,76,48,,44,50,,,-,-,0.06,29.10,29.76,10.1,25,10.6,1,1,0,0,1
1263,67,45,56,44,50,9, 0,-,-,0.00,29.30,29.94,6.3,26,9.1,0,0,0,0,0
1264,76,49,63,46,53,2, 0,-,-,0.00,29.49,30.13,4.0,17,5.0,0,0,0,0,0
1265,70,52,61,47,53,4, 0,-,-,0.00,29.52,30.18,3.4,11,4.9,0,0,0,0,0
1266,75,51,63,49,55,2, 0,-,-,0.00,29.44,30.11,3.0,12,3.8,0,0,0,0,0
1267,77,56,67,48,56,0, 2,-,-,0.00,29.36,30.02,6.1,14,6.9,0,0,0,0,0
1268,73,53,63,52,57,2, 0,-,-,0.01,29.39,30.02,6.0,21,8.6,0,0,0,0,0
1269,65,46,56,40,48,9, 0,-,-,0.00,29.68,30.33,3.1,34,5.0,0,0,0,0,0
1270,62,45,54,43,49,11, 0,-,-,0.00,29.59,30.29,7.2,8,8.4,0,0,0,0,0
1271,65,51,58,50,54,7, 0,-,-,0.09,29.22,29.92,6.9,19,9.7,1,1,0,0,0
1272,54,47,51,43,47,14, 0,-,-,0.005,29.23,29.91,10.5,25,10.7,0,0,0,0,1
1273,54,44,49,43,47,16, 0,-,-,0.17,29.20,29.88,7.1,24,7.9,1,1,0,1,0
1274,50,42,46,39,43,19, 0,-,-,0.00,29.26,29.93,7.9,25,8.6,0,0,0,0,0
1275,54,43,49,36,43,16, 0,-,-,0.01,29.17,29.85,10.1,24,10.4,1,0,0,0,0
1276,65,41,53,41,47,12, 0,-,-,0.02,29.15,29.82,7.5,21,8.4,1,0,0,0,0
1277,55,36,46,32,40,19, 0,-,-,0.03,29.26,29.92,10.3,27,10.8,1,0,0,0,0
1278,41,31,36,31,35,29, 0,-,-,0.03,29.28,29.97,4.6,26,5.4,1,1,0,0,1
1279,46,32,39,27,34,26, 0,-,-,0.005,29.32,30.00,9.2,29,9.2,1,0,0,0,0
1280,44,34,39,25,34,26, 0,-,-,0.00,29.52,30.20,9.2,30,9.9,0,0,0,0,0
1281,51,29,40,26,36,25, 0,-,-,0.00,29.57,30.28,10.4,23,11.3,0,0,0,0,0
1282,55,38,47,29,39,18, 0,-,-,0.00,29.30,29.98,10.5,26,13.4,0,0,0,0,0
1283,55,32,44,29,38,21, 0,-,-,0.00,29.37,30.05,6.4,23,6.7,0,0,0,0,0
1284,54,36,45,38,42,20, 0,-,-,0.00,29.60,30.26,8.8,4,10.3,0,0,0,0,0
1285,57,43,50,39,45,15, 0,-,-,0.005,29.57,30.26,5.9,11,6.6,1,0,0,1,0
1286,64,47,56,52,53,9, 0,-,-,1.16,29.29,30.01,5.3,14,6.2,1,1,0,1,0
1287,65,47,56,56,57,9, 0,-,-,2.03,28.77,29.47,9.5,23,11.4,1,1,0,0,0
1288,50,43,47,42,44,18, 0,-,-,0.09,29.10,29.76,14.1,24,14.0,1,0,0,0,1
1289,80,47,,43,47,,,-,-,0.04,29.10,29.79,10.7,23,11.9,1,0,0,0,0
1290,68,49,59,39,49,6, 0,-,-,0.00,29.13,29.77,13.3,28,14.1,0,0,0,0,0
1291,61,47,54,31,43,11, 0,-,-,0.00,29.37,30.01,5.6,4,11.1,0,0,0,0,0
1292,59,45,52,36,44,13, 0,-,-,0.01,29.31,29.98,12.5,5,13.8,1,0,0,0,0
1293,63,45,54,38,47,11, 0,-,-,0.00,29.26,29.94,12.9,7,13.7,0,0,0,0,0
1294,80,52,66,47,55,0, 1,-,-,0.005,29.15,29.81,6.3,10,9.3,1,0,0,0,0
1295,93,68,81,58,66,0,16,-,-,0.00,29.15,29.79,13.8,20,14.3,0,0,0,0,0
1296,76,57,67,56,61,0, 2,-,-,1.43,29.10,29.73,12.4,23,15.3,1,1,1,0,0
1297,77,52,65,44,54,0, 0,-,-,0.00,29.26,29.90,3.1,20,6.8,0,0,0,0,0
1298,85,63,74,55,61,0, 9,-,-,0.41,29.26,29.90,7.8,17,10.1,1,0,1,0,0
1299,86,65,76,67,70,0,11,-,-,0.03,29.20,29.84,11.1,19,12.5,1,1,1,0,0
1300,70,54,62,55,58,3, 0,-,-,0.14,29.35,29.97,8.1,25,10.8,1,0,0,0,0
1301,57,44,51,41,48,14, 0,-,-,0.06,29.41,30.08,11.4,1,12.5,1,1,0,0,0
1302,57,42,50,38,43,15, 0,-,-,0.26,29.32,30.00,9.2,1,13.6,1,1,0,0,0
1303,45,41,43,37,40,22, 0,-,-,0.08,29.39,30.06,6.6,5,9.1,1,0,0,0,0
1304,61,41,51,34,44,14, 0,-,-,0.00,29.47,30.14,7.6,24,8.2,0,1,0,0,0
1305,70,48,59,38,49,6, 0,-,-,0.00,29.54,30.20,8.5,21,9.2,0,0,0,0,0
1306,71,53,62,40,52,3, 0,-,-,0.005,29.41,30.10,11.3,16,12.0,1,0,0,0,0
1307,87,63,75,60,65,0,10,-,-,0.64,29.19,29.85,10.5,20,11.9,1,1,1,0,0
1308,89,68,79,58,66,0,14,-,-,0.01,29.21,29.84,4.8,30,7.9,0,0,0,1,0
1309,69,54,62,50,56,3, 0,-,-,0.00,29.42,30.05,5.4,5,7.5,0,0,0,0,0
1310,68,51,60,46,52,5, 0,-,-,0.00,29.52,30.17,5.1,5,6.0,0,0,0,0,0
1311,74,50,62,45,53,3, 0,-,-,0.00,29.50,30.17,3.2,7,4.6,0,0,0,0,0
1312,85,54,70,49,58,0, 5,-,-,0.00,29.41,30.08,1.7,15,4.5,0,0,0,0,0
1313,90,67,79,62,67,0,14,-,-,0.08,29.31,29.97,6.3,21,7.7,0,0,1,0,0
1314,85,61,73,65,68,0, 8,-,-,0.50,29.26,29.90,5.3,24,9.7,1,1,0,0,0
1315,73,58,66,54,59,0, 1,-,-,0.68,29.35,29.99,8.3,4,9.1,1,1,0,1,0
1316,77,57,67,55,59,0, 2,-,-,0.00,29.42,30.07,8.8,4,9.7,0,0,0,0,0
1317,79,57,68,53,59,0, 3,-,-,0.00,29.49,30.13,7.1,7,8.0,0,0,0,0,0
1318,89,60,75,53,62,0,10,-,-,0.00,29.45,30.10,5.1,11,7.4,0,0,0,0,0
1319,92,69,81,60,68,0,16,-,-,0.005,29.31,29.95,12.0,18,12.1,0,0,0,0,0
1320,85,69,77,65,70,0,12,-,-,0.20,29.18,29.82,13.4,22,15.0,0,0,0,0,0
1321,82,70,76,53,62,0,11,-,-,0.00,29.24,29.88,3.7,29,10.5,0,0,0,0,0
1322,72,58,65,56,59,0, 0,-,-,0.12,29.18,29.84,8.5,6,10.9,1,1,0,0,0
1323,75,56,66,44,55,0, 1,-,-,0.00,29.29,29.94,6.5,6,7.8,0,0,0,0,0
1324,82,54,68,42,55,0, 3,-,-,0.00,29.32,29.97,4.8,9,5.6,0,0,0,0,0
1325,85,62,74,51,60,0, 9,-,-,0.12,29.23,29.89,4.2,10,7.1,1,0,0,0,0
1326,70,55,63,48,55,2, 0,-,-,0.21,29.33,29.97,15.4,1,15.7,1,1,0,0,0
1327,79,56,68,52,58,0, 3,-,-,0.00,29.29,29.94,6.3,4,8.0,0,0,0,0,0
1328,70,59,65,56,59,0, 0,-,-,0.45,29.17,29.85,8.3,3,9.1,1,1,0,0,1
1329,69,62,66,60,62,0, 1,-,-,0.03,29.05,29.70,2.2,36,5.8,1,1,0,1,1
1330,82,63,73,59,64,0, 8,-,-,0.01,29.13,29.77,8.9,26,9.8,0,1,0,0,1
1331,75,57,66,45,55,0, 1,-,-,0.00,29.32,29.95,3.4,34,7.5,0,0,0,0,0
1332,80,57,69,43,56,0, 4,-,-,0.00,29.37,30.02,7.5,17,8.6,0,0,0,0,0
1333,86,64,75,58,65,0,10,-,-,0.005,29.24,29.89,13.4,19,14.5,0,0,0,0,0
1334,90,69,80,64,70,0,15,-,-,0.00,29.31,29.96,7.1,21,8.8,0,0,0,0,0
1335,93,79,86,68,74,0,21,-,-,0.00,29.22,29.85,11.5,21,13.9,0,0,0,0,0
1336,85,63,74,67,70,0, 9,-,-,0.80,29.29,29.92,3.3,23,10.6,1,1,1,0,0
1337,82,60,71,66,68,0, 6,-,-,0.39,29.39,30.03,5.4,6,7.6,1,1,1,1,0
1338,86,66,76,67,70,0,11,-,-,0.03,29.28,29.93,2.6,29,8.8,1,1,0,0,0
1339,85,63,74,65,67,0, 9,-,-,0.73,29.26,29.91,2.1,17,6.5,1,1,0,0,0
1340,82,66,74,64,67,0, 9,-,-,0.00,29.23,29.87,4.8,8,5.8,0,1,0,0,0
1341,84,69,77,69,71,0,12,-,-,0.16,29.18,29.82,1.9,22,5.5,1,1,0,0,0
1342,85,70,78,70,72,0,13,-,-,1.15,29.21,29.83,0.9,15,5.7,1,1,0,0,0
1343,79,62,71,63,65,0, 6,-,-,0.02,29.34,29.96,5.3,4,6.2,0,1,0,1,0
1344,77,60,69,60,63,0, 4,-,-,0.00,29.38,30.03,5.5,6,7.1,0,1,0,1,0
1345,91,62,77,65,70,0,12,-,-,0.00,29.34,29.98,7.2,16,9.0,0,1,0,1,0
1346,88,75,82,70,73,0,17,-,-,0.16,29.31,29.95,11.1,17,11.7,1,0,1,0,0
1347,88,71,80,70,73,0,15,-,-,0.04,29.26,29.89,12.4,21,13.2,0,0,0,0,0
1348,88,68,78,71,73,0,13,-,-,2.06,29.10,29.75,9.0,19,12.7,1,1,1,0,0
1349,84,68,76,64,68,0,11,-,-,0.04,29.08,29.71,14.9,24,14.6,1,1,0,0,1
1350,74,58,66,56,60,0, 1,-,-,0.12,29.28,29.90,6.3,30,9.7,1,1,0,1,1
1351,75,57,66,51,58,0, 1,-,-,0.05,29.47,30.10,1.8,1,7.0,1,1,0,0,1
1352,79,60,70,50,59,0, 5,-,-,0.00,29.60,30.25,2.8,6,7.1,0,0,0,1,0
1353,79,63,71,55,62,0, 6,-,-,0.01,29.47,30.15,9.2,21,9.6,1,0,0,1,0
1354,89,66,78,66,70,0,13,-,-,0.00,29.17,29.84,12.5,22,12.9,0,0,0,0,0
1355,89,72,81,66,71,0,16,-,-,0.48,29.05,29.70,9.1,27,10.3,1,0,1,0,0
1356,84,70,77,62,68,0,12,-,-,0.48,29.07,29.69,11.5,27,13.0,1,0,0,0,0
1357,81,64,73,58,64,0, 8,-,-,0.00,29.31,29.91,3.0,1,6.1,0,0,0,0,0
1358,78,63,71,56,62,0, 6,-,-,0.00,29.49,30.11,4.5,9,5.4,0,0,0,0,0
1359,83,63,73,54,63,0, 8,-,-,0.005,29.48,30.13,5.5,17,6.5,0,0,0,0,0
1360,81,70,76,69,72,0,11,-,-,3.31,29.30,29.96,8.6,21,10.6,1,1,1,0,0
1361,86,71,79,65,69,0,14,-,-,0.04,29.24,29.88,9.1,27,10.0,0,0,0,0,0
1362,81,64,73,57,63,0, 8,-,-,0.37,29.17,29.81,5.9,30,7.4,0,0,0,0,0
1363,71,57,64,53,58,1, 0,-,-,0.05,29.26,29.91,10.0,29,10.4,1,0,0,0,0
1364,73,56,65,50,57,0, 0,-,-,0.00,29.36,30.00,3.2,2,7.1,0,0,0,0,0
1365,78,58,68,53,60,0, 3,-,-,0.00,29.43,30.07,2.5,15,5.1,0,0,0,0,0
1366,81,64,73,55,62,0, 8,-,-,0.00,29.46,30.10,4.9,16,6.2,0,0,0,0,0
1367,80,62,71,56,63,0, 6,-,-,0.00,29.39,30.04,3.2,9,4.3,0,0,0,0,0
1368,84,66,75,59,65,0,10,-,-,0.00,29.37,30.01,3.8,23,4.4,0,0,0,0,0
1369,87,68,78,63,69,0,13,-,-,0.00,29.41,30.04,7.6,19,8.0,0,0,0,0,0
1370,91,72,82,70,74,0,17,-,-,0.19,29.34,29.96,9.6,21,12.9,1,1,1,0,0
1371,76,64,70,56,61,0, 5,-,-,0.00,29.47,,16.4,2,16.7,0,0,0,0,0
1372,75,60,68,52,59,0, 3,-,-,0.00,29.44,30.10,5.0,4,8.2,0,0,0,0,0
1373,77,60,69,57,62,0, 4,-,-,0.005,29.31,29.97,8.7,21,9.2,0,0,0,0,0
1374,85,70,78,67,70,0,13,-,-,0.00,29.16,29.81,7.0,23,8.1,0,0,0,0,0
1375,89,66,78,62,68,0,13,-,-,0.04,29.13,29.75,11.4,30,14.2,0,1,0,0,0
1376,73,62,68,50,58,0, 3,-,-,0.00,29.38,30.01,10.0,36,12.2,0,0,0,0,0
1377,81,60,71,55,62,0, 6,-,-,0.00,29.34,29.99,4.8,29,8.0,0,0,0,0,0
1378,80,61,71,58,62,0, 6,-,-,0.00,29.36,30.00,1.1,6,5.4,0,0,0,0,0
1379,85,63,74,59,65,0, 9,-,-,0.00,29.36,30.00,7.6,25,8.5,0,1,0,1,0
1380,83,67,75,60,65,0,10,-,-,0.21,29.41,30.05,5.5,23,7.3,1,0,1,1,0
1381,84,63,74,56,63,0, 9,-,-,0.00,29.46,30.10,2.6,5,4.6,0,0,0,0,0
1382,87,66,77,62,67,0,12,-,-,0.00,29.44,30.08,2.6,20,6.5,0,0,0,0,0
1383,88,68,78,64,69,0,13,-,-,1.82,29.39,30.04,3.3,30,8.9,1,1,1,0,0
1384,80,68,74,66,69,0, 9,-,-,0.07,29.37,30.01,2.3,4,5.2,1,1,0,0,0
1385,81,65,73,57,64,0, 8,-,-,0.00,29.39,30.03,4.8,3,6.3,0,0,0,0,0
1386,81,69,75,61,66,0,10,-,-,0.00,29.40,30.04,8.7,9,9.3,0,0,0,0,0
1387,82,70,76,60,66,0,11,-,-,0.00,29.39,30.03,10.7,7,11.1,0,0,0,0,0
1388,80,68,74,59,65,0, 9,-,-,0.00,29.39,30.04,9.7,6,10.5,0,0,0,0,0
1389,82,71,77,62,67,0,12,-,-,0.00,29.33,29.98,7.2,4,8.4,0,0,0,0,0
1390,84,68,76,67,69,0,11,-,-,1.16,29.17,29.83,4.0,31,8.1,1,1,0,0,0
1391,70,63,67,59,62,0, 2,-,-,0.16,29.23,29.86,9.7,31,11.2,1,1,0,0,0
1392,83,59,71,59,63,0, 6,-,-,0.00,29.34,29.98,3.4,31,8.0,0,0,0,0,0
1393,73,61,67,50,58,0, 2,-,-,0.00,29.41,30.05,7.6,5,8.9,0,0,0,0,0
1394,79,55,67,51,59,0, 2,-,-,0.00,29.35,30.01,5.5,23,6.2,0,0,0,0,0
1395,81,64,73,64,67,0, 8,-,-,0.00,29.26,29.90,7.9,22,8.3,0,0,0,0,0
1396,72,66,69,64,66,0, 4,-,-,0.00,29.29,29.94,7.8,2,8.6,0,1,0,0,0
1397,85,67,76,66,69,0,11,-,-,0.00,29.18,29.84,2.7,23,5.7,0,0,0,1,0
1398,86,73,80,68,71,0,15,-,-,0.13,29.08,29.71,10.6,23,11.5,1,1,0,0,0
1399,87,68,78,67,71,0,13,-,-,0.00,29.23,29.84,7.9,24,8.1,0,0,0,0,0
1400,83,71,77,72,73,0,12,-,-,1.29,29.26,29.90,4.0,18,6.3,1,1,1,0,0
1401,87,74,81,73,75,0,16,-,-,3.17,29.28,29.91,5.7,23,7.3,1,1,1,0,0
1402,87,71,79,72,74,0,14,-,-,0.50,29.31,29.94,1.6,8,3.9,0,1,0,0,0
1403,89,73,81,73,75,0,16,-,-,0.00,29.33,29.96,6.3,12,7.3,0,0,0,0,0
1404,92,73,83,72,74,0,18,-,-,0.78,29.33,29.97,4.0,18,7.1,1,0,1,0,0
1405,86,49,,68,71,,,-,-,0.005,29.41,30.04,1.3,15,5.8,0,0,0,0,0
1406,81,70,76,63,67,0,11,-,-,0.00,29.46,30.09,6.4,6,7.1,0,0,0,0,0
1407,77,69,73,61,66,0, 8,-,-,0.02,29.41,30.06,7.3,8,8.5,1,0,0,0,1
1408,88,73,81,69,72,0,16,-,-,0.00,29.26,29.91,9.9,17,10.5,0,0,0,0,0
1409,86,74,80,69,72,0,15,-,-,0.005,29.21,29.83,11.4,22,12.4,0,0,0,0,0
1410,87,71,79,69,72,0,14,-,-,0.00,29.25,29.88,6.9,21,7.7,0,0,0,0,0
1411,85,74,80,69,72,0,15,-,-,0.005,29.13,29.76,12.7,22,13.2,0,0,0,0,0
1412,85,69,77,62,67,0,12,-,-,0.00,29.24,29.87,5.8,27,6.7,0,0,0,0,0
1413,85,67,76,63,68,0,11,-,-,0.00,29.33,29.96,5.9,21,6.9,0,0,0,0,0
1414,87,73,80,69,72,0,15,-,-,0.22,29.26,29.92,12.0,19,12.7,1,0,1,0,0
1415,89,67,78,69,72,0,13,-,-,0.43,29.34,29.94,7.3,26,12.1,1,0,0,0,0
1416,76,62,69,54,60,0, 4,-,-,0.00,29.48,30.11,4.7,36,8.1,0,0,0,0,0
1417,79,58,69,53,60,0, 4,-,-,0.00,29.49,30.15,2.2,11,4.6,0,0,0,0,0
1418,79,60,70,54,61,0, 5,-,-,0.00,29.39,30.06,5.2,17,5.9,0,0,0,0,0
1419,81,66,74,62,66,0, 9,-,-,0.01,29.24,29.92,8.2,19,8.5,1,0,0,0,0
1420,82,58,70,64,67,0, 5,-,-,1.61,29.03,29.66,8.9,24,16.1,1,1,0,0,1
1421,58,52,55,45,50,10, 0,-,-,0.00,29.51,30.14,9.5,34,10.6,0,0,0,0,0
1422,57,46,52,48,50,13, 0,-,-,0.10,29.60,30.26,11.0,34,11.8,1,1,0,0,1
1423,60,42,51,42,47,14, 0,-,-,0.01,29.66,30.33,3.1,33,6.9,0,0,0,0,0
1424,67,46,57,44,51,8, 0,-,-,0.00,29.57,30.25,4.2,22,4.7,0,0,0,0,0
1425,62,54,58,50,54,7, 0,-,-,0.005,29.46,30.13,2.9,29,6.4,1,0,0,0,1
1426,69,47,58,46,52,7, 0,-,-,0.00,29.47,30.15,1.5,34,4.7,0,0,0,0,0
1427,72,49,61,48,54,4, 0,-,-,0.00,29.36,30.02,1.5,16,4.0,0,0,0,0,0
1428,72,53,63,54,57,2, 0,-,-,0.00,29.46,30.11,4.8,3,5.9,0,0,0,0,0
1429,76,57,67,49,57,0, 2,-,-,0.00,29.38,30.05,10.0,18,10.5,0,0,0,0,0
1430,80,63,72,62,65,0, 7,-,-,0.12,29.17,29.83,11.5,22,12.1,1,0,0,0,0
1431,70,52,61,51,56,4, 0,-,-,0.005,29.31,29.93,9.4,31,12.9,0,0,0,0,0
1432,69,48,59,45,52,6, 0,-,-,0.00,29.59,30.22,1.3,33,6.2,0,0,0,0,0
1433,76,50,63,48,55,2, 0,-,-,0.00,29.64,30.30,3.3,17,6.2,0,0,0,0,0
1434,77,54,66,50,57,0, 1,-,-,0.00,29.63,30.29,4.1,13,5.4,0,0,0,0,0
1435,78,58,68,54,59,0, 3,-,-,0.00,29.58,30.24,1.9,13,3.7,0,0,0,0,0
1436,81,59,70,55,61,0, 5,-,-,0.00,29.57,30.22,4.7,9,5.2,0,0,0,0,0
1437,79,61,70,57,62,0, 5,-,-,0.00,29.54,30.19,4.0,8,4.7,0,0,0,0,0
1438,79,58,69,57,62,0, 4,-,-,0.00,29.44,30.10,2.6,8,3.3,0,1,0,0,0
1439,84,57,71,57,61,0, 6,-,-,0.005,29.33,29.99,4.5,34,9.0,1,0,0,1,0
1440,61,51,56,49,52,9, 0,-,-,0.005,29.36,30.02,9.1,2,10.7,0,1,0,0,1
1441,73,52,63,51,57,2, 0,-,-,0.005,29.28,29.95,8.0,13,8.6,1,0,0,0,0
1442,75,66,71,63,65,0, 6,-,-,0.72,29.10,29.78,7.2,17,7.9,1,1,1,0,0
1443,68,46,57,47,52,8, 0,-,-,1.05,29.02,29.66,14.0,28,15.6,1,1,0,0,0
1444,49,37,43,35,41,22, 0,-,-,0.05,29.07,29.74,13.6,25,13.5,1,0,0,0,1
1445,56,42,49,36,44,16, 0,-,-,0.005,29.02,29.70,10.1,23,10.7,1,0,0,0,0
1446,63,48,56,40,47,9, 0,-,-,0.01,28.95,29.62,9.5,23,10.5,0,0,0,0,0
1447,69,49,59,45,51,6, 0,-,-,0.00,29.06,29.70,10.3,24,11.7,0,0,0,0,0
1448,67,48,58,36,48,7, 0,-,-,0.00,29.34,29.97,10.7,27,11.2,0,0,0,0,0
1449,64,50,57,36,46,8, 0,-,-,0.00,29.44,30.09,3.4,2,6.3,0,0,0,0,0
1450,59,44,52,40,46,13, 0,-,-,0.00,29.49,30.16,3.8,2,5.2,0,0,0,0,0
1451,60,40,50,36,44,15, 0,-,-,0.00,29.53,30.20,3.5,8,4.7,0,0,0,0,0
1452,64,45,55,44,50,10, 0,-,-,0.01,29.31,30.00,9.5,14,9.9,1,1,0,0,1
1453,71,59,65,61,62,0, 0,-,-,0.44,29.03,29.73,7.5,15,8.9,1,1,0,1,0
1454,67,54,61,59,60,4, 0,-,-,1.18,28.89,29.54,1.8,12,8.6,1,1,0,0,1
1455,58,53,56,53,54,9, 0,-,-,0.07,29.10,29.74,9.4,35,9.7,1,1,0,0,1
1456,58,53,56,52,53,9, 0,-,-,0.005,29.09,29.77,5.4,25,8.4,0,1,0,0,1
1457,63,49,56,48,52,9, 0,-,-,0.01,29.05,29.69,10.7,28,12.7,0,0,0,0,0
1458,52,39,46,40,44,19, 0,-,-,0.02,29.44,30.08,7.6,34,8.7,1,0,0,0,0
1459,57,36,47,40,44,18, 0,-,-,0.00,29.39,30.09,8.8,21,9.0,0,0,0,0,0
1460,66,50,58,46,51,7, 0,-,-,0.00,29.23,29.90,4.9,32,9.1,0,0,0,0,0
1461,54,49,52,41,46,13, 0,-,-,0.00,29.51,30.15,11.0,36,11.6,0,0,0,0,0
1462,56,43,50,38,44,15, 0,-,-,0.00,29.62,30.30,3.0,11,5.1,0,0,0,0,0
1463,62,41,52,41,47,13, 0,-,-,0.005,29.46,30.16,7.9,19,8.4,0,1,0,0,0
1464,68,54,61,48,53,4, 0,-,-,0.00,29.31,30.00,4.9,22,5.8,0,0,0,0,0
1465,75,52,64,41,52,1, 0,-,-,0.00,29.27,29.92,9.7,28,10.4,0,1,0,1,0
1466,66,44,55,33,45,10, 0,-,-,0.00,29.28,29.95,1.6,11,5.4,0,0,0,0,0
1467,79,54,67,52,59,0, 2,-,-,0.02,29.00,29.67,12.7,19,13.6,1,0,0,0,0
1468,66,48,57,40,48,8, 0,-,-,0.03,29.23,29.85,14.0,26,14.6,1,0,0,0,0
1469,49,40,45,34,42,20, 0,-,-,0.00,29.42,30.07,8.5,29,9.0,0,0,0,0,0
1470,53,37,45,35,42,20, 0,-,-,0.005,29.41,30.10,5.9,23,6.5,1,0,0,0,0
1471,49,34,42,29,36,23, 0,-,-,0.04,29.54,30.20,21.7,34,22.6,1,1,0,0,0
